name,position,team,xP,assists,bonus,bps,clean_sheets,creativity,element,expected_assists,expected_goal_involvements,expected_goals,expected_goals_conceded,fixture,goals_conceded,goals_scored,ict_index,influence,kickoff_time,minutes,own_goals,penalties_missed,penalties_saved,red_cards,round,saves,selected,starts,team_a_score,team_h_score,threat,total_points,transfers_balance,transfers_in,transfers_out,value,was_home,yellow_cards,opponent_team
Nathan Redmond,MID,Southampton,0,0,0,0,0,0,403,0,0,0,0,97,0,0,0,0,2022-10-08T14:00:00Z,0,0,0,0,0,10,0,3502,0,0,4,0,0,-312,0,312,53,FALSE,0,Man City
Junior Stanislas,MID,Bournemouth,-0.1,0,0,0,0,0,58,0,0,0,0,92,0,0,0,0,2022-10-08T14:00:00Z,0,0,0,0,0,10,0,2751,0,1,2,0,0,-159,90,249,48,TRUE,0,Leicester
Armando Broja,FWD,Chelsea,3.5,0,0,27,0,0.3,150,0,0,0,0,94,0,1,5.1,33.2,2022-10-08T14:00:00Z,18,0,0,0,0,10,0,50993,0,0,3,17,5,-2457,2715,5172,53,TRUE,0,Wolves
Fabian Schär,DEF,Newcastle,3.3,0,0,10,0,0.5,366,0,0,0,0,98,1,0,1.4,11.2,2022-10-08T14:00:00Z,90,0,0,0,0,10,0,1081981,0,1,5,2,2,121324,161290,39966,48,TRUE,0,Brentford
Jonny Evans,DEF,Leicester,2.5,0,0,15,0,1.5,249,0,0,0,0,92,2,0,6.3,28.4,2022-10-08T14:00:00Z,90,0,0,0,0,10,0,30791,0,1,2,33,1,2549,3862,1313,44,FALSE,0,Bournemouth
Brennan Johnson,FWD,Nott'm Forest,1.5,0,0,6,0,15.6,394,0,0,0,0,99,1,0,3,4.4,2022-10-10T19:00:00Z,90,0,0,0,0,10,0,138472,0,1,1,10,2,-9887,10753,20640,59,TRUE,0,Aston Villa
Cheick Doucouré,MID,Crystal Palace,1.5,0,0,6,0,11.4,514,0,0,0,0,95,1,0,2,8.8,2022-10-09T13:00:00Z,63,0,0,0,0,10,0,16996,0,1,2,0,1,-388,1124,1512,50,TRUE,1,Leeds
Oliver Hammond,MID,Nott'm Forest,-0.5,0,0,0,0,0,553,0,0,0,0,99,0,0,0,0,2022-10-10T19:00:00Z,0,0,0,0,0,10,0,4089,0,1,1,0,0,-119,149,268,44,TRUE,0,Aston Villa
Luke Cundle,MID,Wolves,0,0,0,0,0,0,485,0,0,0,0,94,0,0,0,0,2022-10-08T14:00:00Z,0,0,0,0,0,10,0,28026,0,0,3,0,0,-1762,0,1762,44,FALSE,0,Chelsea
Fin Stevens,DEF,Brentford,0,0,0,0,0,0,540,0,0,0,0,98,0,0,0,0,2022-10-08T14:00:00Z,0,0,0,0,0,10,0,19867,0,1,5,0,0,-1217,0,1217,40,FALSE,0,Newcastle
Brandon Austin,GK,Spurs,0.5,0,0,0,0,0,451,0,0,0,0,93,0,0,0,0,2022-10-08T16:30:00Z,0,0,0,0,0,10,0,32234,0,1,0,0,0,-380,533,913,40,FALSE,0,Brighton
Luka Milivojevic,MID,Crystal Palace,0.5,0,0,1,0,0.1,158,0,0,0,0,95,0,0,0.1,1.2,2022-10-09T13:00:00Z,26,0,0,0,0,10,0,46864,0,1,2,0,1,-2362,1368,3730,44,TRUE,0,Leeds
Wesley Fofana,DEF,Chelsea,0,0,0,0,0,0,272,0,0,0,0,94,0,0,0,0,2022-10-08T14:00:00Z,0,0,0,0,0,10,0,225352,0,0,3,0,0,-35962,25584,61546,44,TRUE,0,Wolves
Gianluca Scamacca,FWD,West Ham,5.7,0,3,24,0,21.8,529,0,0,0,0,100,1,1,12.3,38.4,2022-10-09T13:00:00Z,79,0,0,0,0,10,0,130808,0,1,3,63,9,84891,90669,5778,67,TRUE,0,Fulham
Alisson,GK,Liverpool,2.5,0,0,21,0,0.1,281,0,0,0,0,91,3,0,3.6,36.2,2022-10-09T15:30:00Z,90,0,0,0,0,10,4,1438231,0,2,3,0,2,-105280,15811,121091,54,FALSE,0,Arsenal
Che Adams,FWD,Southampton,2,0,0,6,0,2.4,411,0,0,0,0,97,4,0,1.2,5.6,2022-10-08T14:00:00Z,90,0,0,0,0,10,0,96204,0,0,4,4,2,-2397,12170,14567,64,FALSE,0,Man City
Sam Greenwood,FWD,Leeds,0,0,0,0,0,0,237,0,0,0,0,95,0,0,0,0,2022-10-09T13:00:00Z,0,0,0,0,0,10,0,1197760,0,1,2,0,0,-7898,80792,88690,43,FALSE,0,Crystal Palace
Nathaniel Chalobah,MID,Fulham,0,0,0,0,0,0,203,0,0,0,0,100,0,0,0,0,2022-10-09T13:00:00Z,0,0,0,0,0,10,0,11304,0,1,3,0,0,-1751,140,1891,44,FALSE,0,West Ham
Nathaniel Phillips,DEF,Liverpool,0.5,0,0,0,0,0,501,0,0,0,0,91,0,0,0,0,2022-10-09T15:30:00Z,0,0,0,0,0,10,0,46447,0,2,3,0,0,-480,1728,2208,40,FALSE,0,Arsenal
Loïc Mbe Soh,DEF,Nott'm Forest,-0.5,0,0,0,0,0,393,0,0,0,0,99,0,0,0,0,2022-10-10T19:00:00Z,0,0,0,0,0,10,0,3703,0,1,1,0,0,-56,55,111,43,TRUE,0,Aston Villa
Jason Steele,GK,Brighton,-0.5,0,0,0,0,0,102,0,0,0,0,93,0,0,0,0,2022-10-08T16:30:00Z,0,0,0,0,0,10,0,75494,0,1,0,0,0,-1865,792,2657,40,TRUE,0,Spurs
Tosin Adarabioyo,DEF,Fulham,2.7,0,0,20,0,0.8,209,0,0,0,0,100,3,0,2.8,27,2022-10-09T13:00:00Z,90,0,0,0,0,10,0,15677,0,1,3,0,1,-1995,1547,3542,45,FALSE,0,West Ham
Kalvin Phillips,MID,Man City,0,0,0,0,0,0,325,0,0,0,0,97,0,0,0,0,2022-10-08T14:00:00Z,0,0,0,0,0,10,0,14788,0,0,4,0,0,-1161,34,1195,48,TRUE,0,Southampton
Cafú,MID,Nott'm Forest,-0.5,0,0,0,0,0,383,0,0,0,0,99,0,0,0,0,2022-10-10T19:00:00Z,0,0,0,0,0,10,0,60451,0,1,1,0,0,8195,15255,7060,43,TRUE,0,Aston Villa
Marek Rodák,GK,Fulham,0,0,0,0,0,0,213,0,0,0,0,100,0,0,0,0,2022-10-09T13:00:00Z,0,0,0,0,0,10,0,20104,0,1,3,0,0,-680,337,1017,44,FALSE,0,West Ham
Ryan Fraser,MID,Newcastle,1,0,0,0,0,0,359,0,0,0,0,98,0,0,0,0,2022-10-08T14:00:00Z,0,0,0,0,0,10,0,10041,0,1,5,0,0,-1123,685,1808,53,TRUE,0,Brentford
Luke Thomas,DEF,Leicester,0.5,0,0,0,0,0,270,0,0,0,0,92,0,0,0,0,2022-10-08T14:00:00Z,0,0,0,0,0,10,0,8727,0,1,2,0,0,-31,409,440,43,FALSE,0,Bournemouth
Karl Darlow,GK,Newcastle,0,0,0,0,0,0,353,0,0,0,0,98,0,0,0,0,2022-10-08T14:00:00Z,0,0,0,0,0,10,0,165820,0,1,5,0,0,-10897,175,11072,40,TRUE,0,Brentford
Rodri,MID,Man City,3.7,1,0,27,1,24.4,315,0,0,0,0,97,0,0,6.3,38.2,2022-10-08T14:00:00Z,90,0,0,0,0,10,0,187732,0,0,4,0,6,-30542,3740,34282,57,TRUE,0,Southampton
Cristiano Ronaldo,FWD,Man Utd,4.5,0,3,34,1,15.9,326,0,0,0,0,96,0,1,8.7,41,2022-10-09T18:00:00Z,61,0,0,0,0,10,0,249320,0,2,1,30,9,-12239,4501,16740,102,FALSE,0,Everton
Fraser Forster,GK,Spurs,0.5,0,0,0,0,0,426,0,0,0,0,93,0,0,0,0,2022-10-08T16:30:00Z,0,0,0,0,0,10,0,455539,0,1,0,0,0,12507,24076,11569,39,FALSE,0,Brighton
Alex Oxlade-Chamberlain,MID,Liverpool,0,0,0,0,0,0,278,0,0,0,0,91,0,0,0,0,2022-10-09T15:30:00Z,0,0,0,0,0,10,0,722,0,2,3,0,0,-7,17,24,49,FALSE,0,Arsenal
Ethan Nwaneri,MID,Arsenal,-0.2,0,0,0,0,0,630,0,0,0,0,91,0,0,0,0,2022-10-09T15:30:00Z,0,0,0,0,0,10,0,542,0,2,3,0,0,43,166,123,45,TRUE,0,Liverpool
Jack Grealish,MID,Man City,5.3,0,0,4,0,25.7,305,0,0,0,0,97,0,0,5.6,11.6,2022-10-08T14:00:00Z,32,0,0,0,0,10,0,132218,0,0,4,19,1,7181,13143,5962,68,TRUE,0,Southampton
James McAtee,MID,Man City,0,0,0,0,0,0,317,0,0,0,0,97,0,0,0,0,2022-10-08T14:00:00Z,0,0,0,0,0,10,0,467,0,0,4,0,0,-15,0,15,45,TRUE,0,Southampton
Will Smallbone,MID,Southampton,0,0,0,0,0,0,415,0,0,0,0,97,0,0,0,0,2022-10-08T14:00:00Z,0,0,0,0,0,10,0,1071,0,0,4,0,0,-45,0,45,45,FALSE,0,Man City
Martial Godo,MID,Fulham,1.2,0,0,0,0,0,641,0,0,0,0,100,0,0,0,0,2022-10-09T13:00:00Z,0,0,0,0,0,10,0,0,0,1,3,0,0,0,0,0,45,FALSE,0,West Ham
Chris Wood,FWD,Newcastle,0.7,0,0,3,0,0,354,0,0,0,0,98,0,0,0.2,2,2022-10-08T14:00:00Z,6,0,0,0,0,10,0,58357,0,1,5,0,1,-1457,3258,4715,56,TRUE,0,Brentford
Darren Randolph,GK,West Ham,0,0,0,0,0,0,571,0,0,0,0,100,0,0,0,0,2022-10-09T13:00:00Z,0,0,0,0,0,10,0,16174,0,1,3,0,0,-188,302,490,40,TRUE,0,Fulham
Leander Dendoncker,MID,Aston Villa,1.2,0,0,3,0,2.3,479,0,0,0,0,99,0,0,0.4,1.8,2022-10-10T19:00:00Z,13,0,0,0,0,10,0,8849,0,1,1,0,1,-392,199,591,48,FALSE,0,Nott'm Forest
Allan,MID,Everton,0,0,0,0,0,0,183,0,0,0,0,96,0,0,0,0,2022-10-09T18:00:00Z,0,0,0,0,0,10,0,8156,0,2,1,0,0,-1027,0,1027,48,TRUE,0,Man Utd
Ibrahima Konaté,DEF,Liverpool,1,0,0,2,0,0.5,290,0,0,0,0,91,1,0,0.1,0.8,2022-10-09T15:30:00Z,21,0,0,0,0,10,0,21965,0,2,3,0,1,1137,1837,700,48,FALSE,0,Arsenal
Aleksandar Mitrović,FWD,Fulham,0.5,0,0,0,0,0,210,0,0,0,0,100,0,0,0,0,2022-10-09T13:00:00Z,0,0,0,0,0,10,0,2588974,0,1,3,0,0,-804770,45453,850223,68,FALSE,0,West Ham
Christian Eriksen,MID,Man Utd,3.5,0,0,13,0,5.6,519,0,0,0,0,96,1,0,3.3,9,2022-10-09T18:00:00Z,82,0,0,0,0,10,0,363507,0,2,1,18,2,3363,29437,26074,63,FALSE,0,Everton
Joe Willock,MID,Newcastle,4.7,0,0,8,0,3,373,0,0,0,0,98,1,0,4.3,3,2022-10-08T14:00:00Z,90,0,0,0,0,10,0,83819,0,1,5,37,2,30502,36171,5669,49,TRUE,0,Brentford
Yerson Mosquera Valdelamar,DEF,Wolves,-0.5,0,0,0,0,0,494,0,0,0,0,94,0,0,0,0,2022-10-08T14:00:00Z,0,0,0,0,0,10,0,133948,0,0,3,0,0,12154,18052,5898,39,FALSE,0,Chelsea
Roméo Lavia,MID,Southampton,0,0,0,0,0,0,321,0,0,0,0,97,0,0,0,0,2022-10-08T14:00:00Z,0,0,0,0,0,10,0,33519,0,0,4,0,0,-3947,574,4521,45,FALSE,0,Man City
Kristoffer Ajer,DEF,Brentford,2.3,0,0,12,0,0.8,84,0,0,0,0,98,5,0,1.6,10.8,2022-10-08T14:00:00Z,90,0,0,0,0,10,0,8344,0,1,5,4,0,2376,3139,763,45,FALSE,0,Newcastle
Emmanuel Dennis,FWD,Nott'm Forest,2.8,0,2,23,0,11.8,585,0,0,0,0,99,1,1,6.4,33.4,2022-10-10T19:00:00Z,70,0,0,0,0,10,0,10565,0,1,1,19,8,-639,859,1498,58,TRUE,0,Aston Villa
Will Hughes,MID,Crystal Palace,1,0,0,5,0,0,163,0,0,0,0,95,0,0,0.2,2,2022-10-09T13:00:00Z,5,0,0,0,0,10,0,3181,0,1,2,0,1,-35,89,124,48,TRUE,0,Leeds
Joe Ayodele-Aribo,MID,Southampton,3,0,0,8,0,2.3,512,0,0,0,0,97,4,0,1.1,8.2,2022-10-08T14:00:00Z,78,0,0,0,0,10,0,51595,0,0,4,0,2,1489,5012,3523,54,FALSE,0,Man City
Orel Mangala,MID,Nott'm Forest,-0.2,0,0,0,0,0,536,0,0,0,0,99,0,0,0,0,2022-10-10T19:00:00Z,0,0,0,0,0,10,0,2285,0,1,1,0,0,-70,60,130,49,TRUE,0,Aston Villa
Luke Plange,FWD,Crystal Palace,0,0,0,0,0,0,496,0,0,0,0,95,0,0,0,0,2022-10-09T13:00:00Z,0,0,0,0,0,10,0,40864,0,1,2,0,0,-3355,0,3355,45,TRUE,0,Leeds
Cristian Romero,DEF,Spurs,3.8,0,2,28,1,13.1,443,0,0,0,0,93,0,0,3,17,2022-10-08T16:30:00Z,90,0,0,0,0,10,0,147420,0,1,0,0,8,6222,12922,6700,49,FALSE,0,Brighton
Jack Harrison,MID,Leeds,2.5,0,0,7,0,16,233,0,0,0,0,95,2,0,4.4,14.6,2022-10-09T13:00:00Z,90,0,0,0,0,10,0,407695,0,1,2,13,2,-76647,9056,85703,61,FALSE,0,Crystal Palace
Maxwel Cornet,MID,West Ham,0,0,0,0,0,0,575,0,0,0,0,100,0,0,0,0,2022-10-09T13:00:00Z,0,0,0,0,0,10,0,9005,0,1,3,0,0,-3622,202,3824,59,TRUE,0,Fulham
Luis Sinisterra,MID,Leeds,0,0,0,0,0,0,508,0,0,0,0,95,0,0,0,0,2022-10-09T13:00:00Z,0,0,0,0,0,10,0,57743,0,1,2,0,0,-52045,1586,53631,65,FALSE,0,Crystal Palace
Nathaniel Clyne,DEF,Crystal Palace,0,0,0,0,0,0,157,0,0,0,0,95,0,0,0,0,2022-10-09T13:00:00Z,0,0,0,0,0,10,0,16072,0,1,2,0,0,-2308,142,2450,45,TRUE,0,Leeds
Stuart Armstrong,MID,Southampton,0.3,0,0,2,0,1.1,405,0,0,0,0,97,4,0,0.3,0.8,2022-10-08T14:00:00Z,65,0,0,0,0,10,0,9804,0,0,4,1,2,-865,421,1286,49,FALSE,0,Man City
Oriol Romeu,MID,Southampton,0,0,0,0,0,0,402,0,0,0,0,97,0,0,0,0,2022-10-08T14:00:00Z,0,0,0,0,0,10,0,4177,0,0,4,0,0,-285,0,285,48,FALSE,0,Man City
Tyler Roberts,MID,Leeds,0,0,0,0,0,0,229,0,0,0,0,95,0,0,0,0,2022-10-09T13:00:00Z,0,0,0,0,0,10,0,67,0,1,2,0,0,-1,0,1,50,FALSE,0,Crystal Palace
Lamare Bogarde,DEF,Aston Villa,0.5,0,0,0,0,0,638,0,0,0,0,99,0,0,0,0,2022-10-10T19:00:00Z,0,0,0,0,0,10,0,1284,0,1,1,0,0,807,927,120,40,FALSE,0,Nott'm Forest
Harrison Ashby,DEF,West Ham,0,0,0,0,0,0,555,0,0,0,0,100,0,0,0,0,2022-10-09T13:00:00Z,0,0,0,0,0,10,0,35128,0,1,3,0,0,-256,1055,1311,40,TRUE,0,Fulham
Lewis Brunt,DEF,Leicester,0.5,0,0,0,0,0,273,0,0,0,0,92,0,0,0,0,2022-10-08T14:00:00Z,0,0,0,0,0,10,0,35975,0,1,2,0,0,1995,3441,1446,39,FALSE,0,Bournemouth
Matt Ritchie,DEF,Newcastle,0,0,0,0,0,0,350,0,0,0,0,98,0,0,0,0,2022-10-08T14:00:00Z,0,0,0,0,0,10,0,7833,0,1,5,0,0,-132,281,413,43,TRUE,0,Brentford
Jannik Vestergaard,DEF,Leicester,0.5,0,0,0,0,0,253,0,0,0,0,92,0,0,0,0,2022-10-08T14:00:00Z,0,0,0,0,0,10,0,750836,0,1,2,0,0,9207,39267,30060,39,FALSE,0,Bournemouth
Enock Mwepu,MID,Brighton,-0.1,0,0,0,0,0,118,0,0,0,0,93,0,0,0,0,2022-10-08T16:30:00Z,0,0,0,0,0,10,0,8349,0,1,0,0,0,-1325,63,1388,53,TRUE,0,Spurs
Trevoh Chalobah,DEF,Chelsea,3.5,0,0,27,1,3.9,141,0,0,0,0,94,0,0,5.9,20,2022-10-08T14:00:00Z,90,0,0,0,0,10,0,35554,0,0,3,35,6,1578,3360,1782,47,TRUE,0,Wolves
Chris Richards,DEF,Crystal Palace,0,0,0,0,0,0,530,0,0,0,0,95,0,0,0,0,2022-10-09T13:00:00Z,0,0,0,0,0,10,0,6399,0,1,2,0,0,-315,105,420,44,TRUE,0,Leeds
Diogo Jota,FWD,Liverpool,3.5,1,0,15,0,14.9,288,0,0,0,0,91,3,0,4.7,25.8,2022-10-09T15:30:00Z,80,0,0,0,0,10,0,44517,0,2,3,6,5,-647,5404,6051,89,FALSE,0,Arsenal
Martin Dubravka,GK,Man Utd,0,0,0,0,0,0,355,0,0,0,0,96,0,0,0,0,2022-10-09T18:00:00Z,0,0,0,0,0,10,0,55102,0,2,1,0,0,-3211,255,3466,42,FALSE,0,Everton
Rodrigo,MID,Leeds,2,0,0,10,0,38,225,0,0,0,0,95,2,0,6.8,18.2,2022-10-09T13:00:00Z,90,0,0,0,0,10,0,670972,0,1,2,12,2,42314,99502,57188,63,FALSE,0,Crystal Palace
Chiquinho,MID,Wolves,0,0,0,0,0,0,490,0,0,0,0,94,0,0,0,0,2022-10-08T14:00:00Z,0,0,0,0,0,10,0,452,0,0,3,0,0,86,116,30,50,FALSE,0,Chelsea
Mohammed Salisu,DEF,Southampton,-0.3,0,0,15,0,0.3,420,0,0,0,0,97,4,0,3.1,31,2022-10-08T14:00:00Z,90,0,0,0,0,10,0,18886,0,0,4,0,0,-678,1144,1822,44,FALSE,0,Man City
Fred,MID,Man Utd,2,0,0,0,0,0,331,0,0,0,0,96,0,0,0,0,2022-10-09T18:00:00Z,0,0,0,0,0,10,0,46110,0,2,1,0,0,-723,1424,2147,52,FALSE,0,Everton
Jakub Moder,MID,Brighton,0,0,0,0,0,0,117,0,0,0,0,93,0,0,0,0,2022-10-08T16:30:00Z,0,0,0,0,0,10,0,1908,0,1,0,0,0,-66,42,108,44,TRUE,0,Spurs
Lucas Paquetá,MID,West Ham,4.3,1,3,24,0,28.3,603,0,0,0,0,100,1,0,9.3,23.6,2022-10-09T13:00:00Z,83,0,0,0,0,10,0,132559,0,1,3,41,8,-9339,16958,26297,60,TRUE,0,Fulham
Jean-Philippe Mateta,FWD,Crystal Palace,1,0,0,1,0,0,168,0,0,0,0,95,0,0,0,0,2022-10-09T13:00:00Z,4,0,0,0,0,10,0,44314,0,1,2,0,1,-1670,3120,4790,53,TRUE,0,Leeds
Salomón Rondón,FWD,Everton,1,0,0,3,0,0.3,177,0,0,0,0,96,0,0,0.2,0,2022-10-09T18:00:00Z,6,0,0,0,0,10,0,57055,0,2,1,2,1,3168,8573,5405,50,TRUE,0,Man Utd
Liam Cooper,DEF,Leeds,3.5,0,0,11,0,0.1,221,0,0,0,0,95,2,0,1.4,12,2022-10-09T13:00:00Z,90,0,0,0,0,10,0,6545,0,1,2,2,1,2249,2529,280,44,FALSE,0,Crystal Palace
Alexander Isak,FWD,Newcastle,0,0,0,0,0,0,594,0,0,0,0,98,0,0,0,0,2022-10-08T14:00:00Z,0,0,0,0,0,10,0,298790,0,1,5,0,0,-208262,8534,216796,69,TRUE,0,Brentford
Erling Haaland,FWD,Man City,12.7,0,0,23,1,21,318,0,0,0,0,97,0,1,12.8,33.6,2022-10-08T14:00:00Z,90,0,0,0,0,10,0,8905419,0,0,4,73,6,272643,277921,5278,122,TRUE,0,Southampton
Lewis Cook,MID,Bournemouth,1.8,0,0,14,0,26.9,67,0,0,0,0,92,1,0,4.5,8.4,2022-10-08T14:00:00Z,90,0,0,0,0,10,0,9192,0,1,2,10,2,346,1406,1060,49,TRUE,0,Leicester
Remi Matthews,GK,Crystal Palace,0,0,0,0,0,0,495,0,0,0,0,95,0,0,0,0,2022-10-09T13:00:00Z,0,0,0,0,0,10,0,2829,0,1,2,0,0,-96,0,96,40,TRUE,0,Leeds
Phil Foden,MID,Man City,13.7,1,2,34,0,54.6,314,0,0,0,0,97,0,1,17.9,61.4,2022-10-08T14:00:00Z,57,0,0,0,0,10,0,1570203,0,0,4,63,11,716778,743460,26682,81,TRUE,0,Southampton
Juan Larios,DEF,Southampton,-0.2,0,0,2,0,0.6,622,0,0,0,0,97,0,0,0.2,1,2022-10-08T14:00:00Z,11,0,0,0,0,10,0,6048,0,0,4,0,1,484,1339,855,40,FALSE,0,Man City
Calvin Ramsay,DEF,Liverpool,0.5,0,0,0,0,0,298,0,0,0,0,91,0,0,0,0,2022-10-09T15:30:00Z,0,0,0,0,0,10,0,19134,0,2,3,0,0,1787,2483,696,39,FALSE,0,Arsenal
Steve Cook,DEF,Nott'm Forest,-0.5,0,0,5,0,0.3,379,0,0,0,0,99,1,0,1.2,9.8,2022-10-10T19:00:00Z,90,0,0,0,0,10,0,12775,0,1,1,2,1,-516,235,751,44,TRUE,1,Aston Villa
Ryan Bertrand,DEF,Leicester,0,0,0,0,0,0,250,0,0,0,0,92,0,0,0,0,2022-10-08T14:00:00Z,0,0,0,0,0,10,0,3015,0,1,2,0,0,-78,133,211,40,FALSE,0,Bournemouth
Sékou Mara,FWD,Southampton,0,0,0,2,0,0,528,0,0,0,0,97,0,0,0,0,2022-10-08T14:00:00Z,11,0,0,0,0,10,0,11656,0,0,4,0,1,1439,2668,1229,54,FALSE,0,Man City
Scott McTominay,MID,Man Utd,0.5,0,0,-1,0,0,338,0,0,0,0,96,0,0,0,0,2022-10-09T18:00:00Z,7,0,0,0,0,10,0,25438,0,2,1,0,0,-851,1668,2519,49,FALSE,1,Everton
Xande Nascimento da Costa Silva,MID,Nott'm Forest,0,0,0,0,0,0,390,0,0,0,0,99,0,0,0,0,2022-10-10T19:00:00Z,0,0,0,0,0,10,0,515,0,1,1,0,0,-9,0,9,50,TRUE,0,Aston Villa
Dean Henderson,GK,Nott'm Forest,1.2,0,0,11,0,0,398,0,0,0,0,99,1,0,1.2,11.8,2022-10-10T19:00:00Z,90,0,0,0,0,10,1,1375575,0,1,1,0,2,-53083,23412,76495,47,TRUE,0,Aston Villa
Jack Stacey,DEF,Bournemouth,0.2,0,0,3,0,1,65,0,0,0,0,92,0,0,0.6,4.6,2022-10-08T14:00:00Z,18,0,0,0,0,10,0,4743,0,1,2,0,1,-24,214,238,43,TRUE,0,Leicester
Mason Holgate,DEF,Everton,0,0,0,0,0,0,192,0,0,0,0,96,0,0,0,0,2022-10-09T18:00:00Z,0,0,0,0,0,10,0,7431,0,2,1,0,0,-477,18,495,44,TRUE,0,Man Utd
Steven Alzate,MID,Brighton,0,0,0,0,0,0,115,0,0,0,0,93,0,0,0,0,2022-10-08T16:30:00Z,0,0,0,0,0,10,0,14146,0,1,0,0,0,-2222,40,2262,44,TRUE,0,Spurs
Mateusz Klich,MID,Leeds,1,0,0,3,0,0.4,223,0,0,0,0,95,1,0,0.2,0,2022-10-09T13:00:00Z,14,0,0,0,0,10,0,7543,0,1,2,2,1,-114,433,547,47,FALSE,0,Crystal Palace
Armel Bella-Kotchap,DEF,Southampton,0,0,0,16,0,0.2,423,0,0,0,0,97,4,0,2.3,23,2022-10-08T14:00:00Z,90,0,0,0,0,10,0,27644,0,0,4,0,0,-1706,1754,3460,45,FALSE,0,Man City
Ainsley Maitland-Niles,MID,Southampton,-0.7,0,0,0,0,0,21,0,0,0,0,97,0,0,0,0,2022-10-08T14:00:00Z,0,0,0,0,0,10,0,5501,0,0,4,0,0,-98,263,361,48,FALSE,0,Man City
James Milner,MID,Liverpool,1,0,0,0,0,0,274,0,0,0,0,91,0,0,0,0,2022-10-09T15:30:00Z,0,0,0,0,0,10,0,107540,0,2,3,0,0,-6143,3165,9308,45,FALSE,0,Arsenal
Keane Lewis-Potter,MID,Brentford,0,0,0,0,0,0,515,0,0,0,0,98,0,0,0,0,2022-10-08T14:00:00Z,0,0,0,0,0,10,0,5970,0,1,5,0,0,-921,29,950,52,FALSE,0,Newcastle
Kevin De Bruyne,MID,Man City,9,1,0,28,1,26.8,301,0,0,0,0,97,0,0,6,20.8,2022-10-08T14:00:00Z,69,0,0,0,0,10,0,3810220,0,0,4,12,6,374026,463177,89151,124,TRUE,0,Southampton
Sepp van den Berg,DEF,Liverpool,0,0,0,0,0,0,500,0,0,0,0,91,0,0,0,0,2022-10-09T15:30:00Z,0,0,0,0,0,10,0,19628,0,2,3,0,0,-812,0,812,40,FALSE,0,Arsenal
Joe Gelhardt,FWD,Leeds,0.5,0,0,1,0,0.3,242,0,0,0,0,95,0,0,2,3,2022-10-09T13:00:00Z,6,0,0,0,0,10,0,29044,0,1,2,17,1,-747,2054,2801,52,FALSE,0,Crystal Palace
Diego Carlos,DEF,Aston Villa,0,0,0,0,0,0,50,0,0,0,0,99,0,0,0,0,2022-10-10T19:00:00Z,0,0,0,0,0,10,0,24615,0,1,1,0,0,-855,83,938,48,FALSE,0,Nott'm Forest
Lucas Moura,MID,Spurs,0,0,0,0,0,0,431,0,0,0,0,93,0,0,0,0,2022-10-08T16:30:00Z,0,0,0,0,0,10,0,14644,0,1,0,0,0,-515,109,624,58,FALSE,0,Brighton
Ben Mee,DEF,Brentford,3,0,0,10,0,0.5,526,0,0,0,0,98,3,0,1.8,15,2022-10-08T14:00:00Z,70,0,0,0,0,10,0,336793,0,1,5,2,1,24945,46116,21171,45,FALSE,0,Newcastle
Marquinhos,MID,Arsenal,-0.2,0,0,0,0,0,27,0,0,0,0,91,0,0,0,0,2022-10-09T15:30:00Z,0,0,0,0,0,10,0,8586,0,2,3,0,0,-134,473,607,47,TRUE,0,Liverpool
Daniel James,MID,Fulham,1.7,0,0,4,0,3.4,231,0,0,0,0,100,2,0,0.9,0,2022-10-09T13:00:00Z,76,0,0,0,0,10,0,16535,0,1,3,9,2,-1079,1168,2247,60,FALSE,0,West Ham
João Cancelo,DEF,Man City,10.3,1,3,53,1,44.8,306,0,0,0,0,97,0,1,15.1,71,2022-10-08T14:00:00Z,69,0,0,0,0,10,0,5506710,0,0,4,35,18,45432,222535,177103,72,TRUE,0,Southampton
Bruno Fernandes,MID,Man Utd,1.5,0,0,10,0,36.6,333,0,0,0,0,96,1,0,5.1,8.2,2022-10-09T18:00:00Z,90,0,0,0,0,10,0,227988,0,2,1,6,2,-18750,6742,25492,98,FALSE,0,Everton
Tyler Adams,MID,Leeds,2.5,0,0,16,0,26.2,506,0,0,0,0,95,2,0,4.6,18.2,2022-10-09T13:00:00Z,90,0,0,0,0,10,0,20395,0,1,2,2,2,-17,1430,1447,50,FALSE,0,Crystal Palace
Ciaran Clark,DEF,Newcastle,0,0,0,0,0,0,352,0,0,0,0,98,0,0,0,0,2022-10-08T14:00:00Z,0,0,0,0,0,10,0,236,0,1,5,0,0,-4,0,4,45,TRUE,0,Brentford
Owen Bevan,DEF,Bournemouth,0,0,0,0,0,0,598,0,0,0,0,92,0,0,0,0,2022-10-08T14:00:00Z,0,0,0,0,0,10,0,5298,0,1,2,0,0,-487,0,487,40,TRUE,0,Leicester
Mark Travers,GK,Bournemouth,-0.5,0,0,0,0,0,72,0,0,0,0,92,0,0,0,0,2022-10-08T14:00:00Z,0,0,0,0,0,10,0,43235,0,1,2,0,0,-1768,555,2323,44,TRUE,0,Leicester
Jordan Zemura,DEF,Bournemouth,3.5,0,0,0,0,0,76,0,0,0,0,92,0,0,0,0,2022-10-08T14:00:00Z,0,0,0,0,0,10,0,28622,0,1,2,0,0,9225,12136,2911,44,TRUE,0,Leicester
Rob Holding,DEF,Arsenal,-0.5,0,0,0,0,0,5,0,0,0,0,91,0,0,0,0,2022-10-09T15:30:00Z,0,0,0,0,0,10,0,12562,0,2,3,0,0,-51,640,691,42,TRUE,0,Liverpool
Ivan Toney,FWD,Brentford,2.7,0,0,22,0,14.4,80,0,0,0,0,98,5,1,9.7,43.4,2022-10-08T14:00:00Z,90,0,0,0,0,10,0,2448031,0,1,5,39,5,-118791,212367,331158,73,FALSE,1,Newcastle
Pontus Jansson,DEF,Brentford,0,0,0,0,0,0,78,0,0,0,0,98,0,0,0,0,2022-10-08T14:00:00Z,0,0,0,0,0,10,0,83677,0,1,5,0,0,-18213,264,18477,44,FALSE,0,Newcastle
Marvelous Nakamba,MID,Aston Villa,0.5,0,0,0,0,0,41,0,0,0,0,99,0,0,0,0,2022-10-10T19:00:00Z,0,0,0,0,0,10,0,17779,0,1,1,0,0,-758,328,1086,44,FALSE,0,Nott'm Forest
Nampalys Mendy,MID,Leicester,0.1,0,0,0,0,0,252,0,0,0,0,92,0,0,0,0,2022-10-08T14:00:00Z,0,0,0,0,0,10,0,58500,0,1,2,0,0,4344,10080,5736,43,FALSE,0,Bournemouth
Fábio Vieira,MID,Arsenal,3.5,0,0,3,0,0.5,25,0,0,0,0,91,0,0,0.5,4.4,2022-10-09T15:30:00Z,1,0,0,0,0,10,0,17846,0,2,3,0,1,-788,2733,3521,57,TRUE,0,Liverpool
Matthew Cox,GK,Brentford,0,0,0,0,0,0,633,0,0,0,0,98,0,0,0,0,2022-10-08T14:00:00Z,0,0,0,0,0,10,0,1452,0,1,5,0,0,1084,1153,69,40,FALSE,0,Newcastle
Ryan Fredericks,DEF,Bournemouth,-0.2,0,0,3,0,3.7,59,0,0,0,0,92,1,0,0.7,0.8,2022-10-08T14:00:00Z,71,0,0,0,0,10,0,2120,0,1,2,2,1,-133,26,159,44,TRUE,1,Leicester
Stanley Mills,MID,Everton,0,0,0,0,0,0,560,0,0,0,0,96,0,0,0,0,2022-10-09T18:00:00Z,0,0,0,0,0,10,0,2821,0,2,1,0,0,-14,163,177,44,TRUE,0,Man Utd
Cheikhou Kouyaté,MID,Nott'm Forest,0.2,0,0,10,0,1.3,583,0,0,0,0,99,1,0,4.5,19.8,2022-10-10T19:00:00Z,90,0,0,0,0,10,0,26908,0,1,1,24,2,-2720,1636,4356,45,TRUE,0,Aston Villa
Kurt Zouma,DEF,West Ham,3.3,0,0,15,0,0.3,461,0,0,0,0,100,1,0,1.3,13,2022-10-09T13:00:00Z,90,0,0,0,0,10,0,223136,0,1,3,0,2,32295,41227,8932,45,TRUE,0,Fulham
Luke Mbete-Tabu,DEF,Man City,0,0,0,0,0,0,320,0,0,0,0,97,0,0,0,0,2022-10-08T14:00:00Z,0,0,0,0,0,10,0,21483,0,0,4,0,0,-3161,0,3161,39,TRUE,0,Southampton
Armstrong Oko-Flex,MID,West Ham,0,0,0,0,0,0,572,0,0,0,0,100,0,0,0,0,2022-10-09T13:00:00Z,0,0,0,0,0,10,0,4146,0,1,3,0,0,-247,0,247,44,TRUE,0,Fulham
Taiwo Awoniyi,FWD,Nott'm Forest,2.5,0,0,0,0,0,397,0,0,0,0,99,0,0,0,0,2022-10-10T19:00:00Z,0,0,0,0,0,10,0,70861,0,1,1,0,0,-293,7534,7827,58,TRUE,0,Aston Villa
Harry Winks,MID,Spurs,0,0,0,0,0,0,434,0,0,0,0,93,0,0,0,0,2022-10-08T16:30:00Z,0,0,0,0,0,10,0,98866,0,1,0,0,0,-6831,0,6831,44,FALSE,0,Brighton
Levi Colwill,DEF,Brighton,-0.5,0,0,0,0,0,559,0,0,0,0,93,0,0,0,0,2022-10-08T16:30:00Z,0,0,0,0,0,10,0,7662,0,1,0,0,0,64,467,403,44,TRUE,0,Spurs
Ricardo Pereira,DEF,Leicester,0,0,0,0,0,0,256,0,0,0,0,92,0,0,0,0,2022-10-08T14:00:00Z,0,0,0,0,0,10,0,2584,0,1,2,0,0,-86,27,113,43,FALSE,0,Bournemouth
Moussa Djenepo,MID,Southampton,0,0,0,3,0,1.1,418,0,0,0,0,97,0,0,0.4,3.2,2022-10-08T14:00:00Z,24,0,0,0,0,10,0,9720,0,0,4,0,1,-848,287,1135,50,FALSE,0,Man City
Morgan Gibbs-White,MID,Nott'm Forest,2.8,1,1,19,0,17.9,493,0,0,0,0,99,1,0,5.9,30,2022-10-10T19:00:00Z,89,0,0,0,0,10,0,33723,0,1,1,11,6,-6896,1147,8043,55,TRUE,0,Aston Villa
Mads Bidstrup,MID,Brentford,0,0,0,0,0,0,99,0,0,0,0,98,0,0,0,0,2022-10-08T14:00:00Z,0,0,0,0,0,10,0,116,0,1,5,0,0,-5,0,5,45,FALSE,0,Newcastle
Loïc Badé,DEF,Nott'm Forest,-0.5,0,0,0,0,0,621,0,0,0,0,99,0,0,0,0,2022-10-10T19:00:00Z,0,0,0,0,0,10,0,1625,0,1,1,0,0,-14,135,149,45,TRUE,0,Aston Villa
Ryan Christie,MID,Bournemouth,3.2,0,2,30,0,3,69,0,0,0,0,92,1,1,15.7,42.8,2022-10-08T14:00:00Z,90,0,0,0,0,10,0,5584,0,1,2,111,9,-286,164,450,53,TRUE,0,Leicester
Pervis Estupiñán,DEF,Brighton,0.5,0,0,7,0,6.8,586,0,0,0,0,93,1,0,1.6,7.6,2022-10-08T16:30:00Z,66,0,0,0,0,10,0,56342,0,1,0,2,2,-1302,5181,6483,45,TRUE,0,Spurs
Carney Chukwuemeka,MID,Chelsea,1,0,0,3,0,0.1,48,0,0,0,0,94,0,0,0,0.2,2022-10-08T14:00:00Z,4,0,0,0,0,10,0,61729,0,0,3,0,1,-5425,2559,7984,43,TRUE,0,Wolves
Matty Cash,DEF,Aston Villa,1.2,0,0,15,0,3.9,43,0,0,0,0,99,1,0,1.6,9.6,2022-10-10T19:00:00Z,90,0,0,0,0,10,0,454177,0,1,1,2,2,-25100,10201,35301,46,FALSE,0,Nott'm Forest
Bernardo Silva,MID,Man City,5.7,0,0,11,1,2.8,311,0,0,0,0,97,0,0,1.2,4.8,2022-10-08T14:00:00Z,77,0,0,0,0,10,0,1319418,0,0,4,4,3,-83437,82900,166337,70,TRUE,0,Southampton
Javier Manquillo,DEF,Newcastle,0,0,0,0,0,0,363,0,0,0,0,98,0,0,0,0,2022-10-08T14:00:00Z,0,0,0,0,0,10,0,6023,0,1,5,0,0,-89,178,267,43,TRUE,0,Brentford
Bertrand Traoré,MID,Aston Villa,0,0,0,0,0,0,34,0,0,0,0,99,0,0,0,0,2022-10-10T19:00:00Z,0,0,0,0,0,10,0,6572,0,1,1,0,0,-295,0,295,49,FALSE,0,Nott'm Forest
Bobby Clark,MID,Liverpool,0.5,0,0,0,0,0,584,0,0,0,0,91,0,0,0,0,2022-10-09T15:30:00Z,0,0,0,0,0,10,0,1059,0,2,3,0,0,0,70,70,45,FALSE,0,Arsenal
Raphaël Varane,DEF,Man Utd,0.4,0,0,4,0,0,329,0,0,0,0,96,0,0,0.8,8,2022-10-09T18:00:00Z,1,0,0,0,0,10,0,304647,0,2,1,0,1,-55921,7190,63111,48,FALSE,0,Everton
Cody Drameh,DEF,Leeds,0,0,0,0,0,0,547,0,0,0,0,95,0,0,0,0,2022-10-09T13:00:00Z,0,0,0,0,0,10,0,17145,0,1,2,0,0,-47,747,794,40,FALSE,0,Crystal Palace
Vitalii Mykolenko,DEF,Everton,3,0,0,16,0,12.9,194,0,0,0,0,96,2,0,3.1,16.2,2022-10-09T18:00:00Z,90,0,0,0,0,10,0,58440,0,2,1,2,1,1583,7912,6329,45,TRUE,0,Man Utd
Kyle Walker,DEF,Man City,0,0,0,0,0,0,299,0,0,0,0,97,0,0,0,0,2022-10-08T14:00:00Z,0,0,0,0,0,10,0,581409,0,0,4,0,0,-249993,10015,260008,50,TRUE,0,Southampton
Scott Carson,GK,Man City,1,0,0,0,0,0,502,0,0,0,0,97,0,0,0,0,2022-10-08T14:00:00Z,0,0,0,0,0,10,0,24123,0,0,4,0,0,-2624,464,3088,39,TRUE,0,Southampton
Dominic Solanke,FWD,Bournemouth,3.5,2,0,17,0,11.2,66,0,0,0,0,92,1,0,5.5,15.4,2022-10-08T14:00:00Z,90,0,0,0,0,10,0,159908,0,1,2,28,8,31439,47368,15929,57,TRUE,0,Leicester
Vitaly Janelt,MID,Brentford,2,0,0,5,0,5.6,86,0,0,0,0,98,3,0,1.2,6,2022-10-08T14:00:00Z,45,0,0,0,0,10,0,17390,0,1,5,0,1,-2412,1324,3736,55,FALSE,0,Newcastle
Robert Sánchez,GK,Brighton,1.5,0,0,14,0,0,113,0,0,0,0,93,1,0,1.3,12.6,2022-10-08T16:30:00Z,90,0,0,0,0,10,2,1603142,0,1,0,0,2,-18395,41177,59572,47,TRUE,0,Spurs
Edouard Mendy,GK,Chelsea,0.5,0,0,0,0,0,147,0,0,0,0,94,0,0,0,0,2022-10-08T14:00:00Z,0,0,0,0,0,10,0,1136298,0,0,3,0,0,-101147,17416,118563,49,TRUE,0,Wolves
Luke Ayling,DEF,Leeds,1,0,0,4,0,0,222,0,0,0,0,95,0,0,0.1,1,2022-10-09T13:00:00Z,6,0,0,0,0,10,0,7631,0,1,2,0,1,732,1671,939,45,FALSE,0,Crystal Palace
Eric Bailly,DEF,Man Utd,0,0,0,0,0,0,339,0,0,0,0,96,0,0,0,0,2022-10-09T18:00:00Z,0,0,0,0,0,10,0,59101,0,2,1,0,0,-4048,0,4048,40,FALSE,0,Everton
Hugo Bueno,DEF,Wolves,-0.5,0,0,0,0,0,558,0,0,0,0,94,0,0,0,0,2022-10-08T14:00:00Z,0,0,0,0,0,10,0,73743,0,0,3,0,0,-1202,1285,2487,40,FALSE,0,Chelsea
Lewis Warrington,MID,Everton,0,0,0,0,0,0,561,0,0,0,0,96,0,0,0,0,2022-10-09T18:00:00Z,0,0,0,0,0,10,0,10774,0,2,1,0,0,-819,0,819,44,TRUE,0,Man Utd
Pierre-Emile Højbjerg,MID,Spurs,3.8,0,0,15,1,18.6,433,0,0,0,0,93,0,0,4.1,20.8,2022-10-08T16:30:00Z,90,0,0,0,0,10,0,310805,0,1,0,2,3,-12356,29904,42260,55,FALSE,0,Brighton
Kaden Rodney,MID,Crystal Palace,0,0,0,0,0,0,601,0,0,0,0,95,0,0,0,0,2022-10-09T13:00:00Z,0,0,0,0,0,10,0,1658,0,1,2,0,0,73,294,221,45,TRUE,0,Leeds
Jesurun Rak-Sakyi,MID,Crystal Palace,0,0,0,0,0,0,172,0,0,0,0,95,0,0,0,0,2022-10-09T13:00:00Z,0,0,0,0,0,10,0,1512,0,1,2,0,0,-72,0,72,45,TRUE,0,Leeds
Jairo Riedewald,MID,Crystal Palace,0,0,0,0,0,0,164,0,0,0,0,95,0,0,0,0,2022-10-09T13:00:00Z,0,0,0,0,0,10,0,5627,0,1,2,0,0,-287,149,436,44,TRUE,0,Leeds
Declan Rice,MID,West Ham,2,0,0,20,0,4.9,467,0,0,0,0,100,1,0,2.4,16.6,2022-10-09T13:00:00Z,90,0,0,0,0,10,0,449519,0,1,3,2,2,-14206,17078,31284,49,TRUE,0,Fulham
Daniel Amartey,DEF,Leicester,0.5,0,0,3,0,1.2,257,0,0,0,0,92,2,0,0.5,4.2,2022-10-08T14:00:00Z,23,0,0,0,0,10,0,20857,0,1,2,0,0,-512,635,1147,43,FALSE,0,Bournemouth
Anthony Gordon,MID,Everton,1.3,0,0,3,0,0.7,195,0,0,0,0,96,2,0,0.8,4.8,2022-10-09T18:00:00Z,66,0,0,0,0,10,0,397153,0,2,1,2,1,-104421,14359,118780,55,TRUE,1,Man Utd
David Raya,GK,Brentford,2.7,0,0,11,0,0,81,0,0,0,0,98,5,0,1,10.4,2022-10-08T14:00:00Z,90,0,0,0,0,10,2,743449,0,1,5,0,0,14472,45925,31453,45,FALSE,0,Newcastle
Dane Scarlett,FWD,Spurs,0,0,0,0,0,0,447,0,0,0,0,93,0,0,0,0,2022-10-08T16:30:00Z,0,0,0,0,0,10,0,4542,0,1,0,0,0,-206,0,206,45,FALSE,0,Brighton
Aaron Hickey,DEF,Brentford,1.3,1,0,14,0,1.6,510,0,0,0,0,98,4,0,2.2,14.2,2022-10-08T14:00:00Z,82,0,0,0,0,10,0,41162,0,1,5,6,3,-2959,1819,4778,50,FALSE,0,Newcastle
Rúben Vinagre,DEF,Everton,0,0,0,0,0,0,531,0,0,0,0,96,0,0,0,0,2022-10-09T18:00:00Z,0,0,0,0,0,10,0,5389,0,2,1,0,0,-121,99,220,43,TRUE,0,Man Utd
Sammy Braybrooke,MID,Leicester,1.7,0,0,0,0,0,639,0,0,0,0,92,0,0,0,0,2022-10-08T14:00:00Z,0,0,0,0,0,10,0,0,0,1,2,0,0,0,0,0,45,FALSE,0,Bournemouth
Solly March,MID,Brighton,3.5,0,0,8,0,15.7,107,0,0,0,0,93,1,0,2.9,3.8,2022-10-08T16:30:00Z,90,0,0,0,0,10,0,53388,0,1,0,9,2,12117,16835,4718,50,TRUE,0,Spurs
Dwight Gayle,FWD,Newcastle,0,0,0,0,0,0,361,0,0,0,0,98,0,0,0,0,2022-10-08T14:00:00Z,0,0,0,0,0,10,0,7421,0,1,5,0,0,-360,0,360,45,TRUE,0,Brentford
Brenden Aaronson,MID,Leeds,4,1,0,10,0,9.7,246,0,0,0,0,95,1,0,1.8,0,2022-10-09T13:00:00Z,75,0,0,0,0,10,0,142662,0,1,2,10,5,-15180,3642,18822,55,FALSE,0,Crystal Palace
Danny Ward,GK,Leicester,3.5,0,0,17,0,0,254,0,0,0,0,92,2,0,2,20.2,2022-10-08T14:00:00Z,90,0,0,0,0,10,2,2762134,0,1,2,0,1,42678,82390,39712,41,FALSE,0,Bournemouth
Joachim Andersen,DEF,Crystal Palace,0.8,0,0,6,0,0.1,165,0,0,0,0,95,1,0,4.3,16.4,2022-10-09T13:00:00Z,90,0,0,0,0,10,0,248865,0,1,2,26,2,-36034,6948,42982,45,TRUE,0,Leeds
Kjell Scherpen,GK,Brighton,0,0,0,0,0,0,542,0,0,0,0,93,0,0,0,0,2022-10-08T16:30:00Z,0,0,0,0,0,10,0,6280,0,1,0,0,0,-212,0,212,40,TRUE,0,Spurs
Jack Stephens,DEF,Bournemouth,-0.2,0,0,0,0,0,404,0,0,0,0,92,0,0,0,0,2022-10-08T14:00:00Z,0,0,0,0,0,10,0,4927,0,1,2,0,0,23,267,244,43,TRUE,0,Leicester
James McArthur,MID,Crystal Palace,0,0,0,0,0,0,154,0,0,0,0,95,0,0,0,0,2022-10-09T13:00:00Z,0,0,0,0,0,10,0,593,0,1,2,0,0,-119,27,146,48,TRUE,0,Leeds
Wilfred Ndidi,MID,Leicester,0,0,0,0,0,0,265,0,0,0,0,92,0,0,0,0,2022-10-08T14:00:00Z,0,0,0,0,0,10,0,27579,0,1,2,0,0,-3428,208,3636,48,FALSE,0,Bournemouth
Ederson,GK,Man City,5.7,0,0,25,1,0,307,0,0,0,0,97,0,0,0.5,5.2,2022-10-08T14:00:00Z,90,0,0,0,0,10,0,1640262,0,0,4,0,6,-64282,57960,122242,55,TRUE,0,Southampton
Angelo Ogbonna,DEF,West Ham,0,0,0,0,0,0,456,0,0,0,0,100,0,0,0,0,2022-10-09T13:00:00Z,0,0,0,0,0,10,0,7458,0,1,3,0,0,-181,197,378,44,TRUE,0,Fulham
Jarrod Bowen,MID,West Ham,7.7,0,0,21,0,22.3,465,0,0,0,0,100,1,1,16.3,43,2022-10-09T13:00:00Z,90,0,0,0,0,10,0,509766,0,1,3,98,7,112580,134653,22073,81,TRUE,0,Fulham
Matija Šarkić,GK,Wolves,-0.5,0,0,0,0,0,492,0,0,0,0,94,0,0,0,0,2022-10-08T14:00:00Z,0,0,0,0,0,10,0,179929,0,0,3,0,0,-2917,1181,4098,40,FALSE,0,Chelsea
Malang Sarr,DEF,Chelsea,0,0,0,0,0,0,143,0,0,0,0,94,0,0,0,0,2022-10-08T14:00:00Z,0,0,0,0,0,10,0,4090,0,0,3,0,0,-108,0,108,50,TRUE,0,Wolves
Anthony Knockaert,MID,Fulham,0,0,0,0,0,0,202,0,0,0,0,100,0,0,0,0,2022-10-09T13:00:00Z,0,0,0,0,0,10,0,3072,0,1,3,0,0,-60,157,217,47,FALSE,0,West Ham
Joe Rodon,DEF,Spurs,0,0,0,0,0,0,442,0,0,0,0,93,0,0,0,0,2022-10-08T16:30:00Z,0,0,0,0,0,10,0,5036,0,1,0,0,0,-168,0,168,40,FALSE,0,Brighton
Anthony Martial,FWD,Man Utd,7,1,0,16,0,14.3,345,0,0,0,0,96,1,0,3.3,16.6,2022-10-09T18:00:00Z,28,0,0,0,0,10,0,214579,0,2,1,2,4,155849,163803,7954,69,FALSE,0,Everton
Ben Davies,DEF,Liverpool,0,0,0,0,0,0,499,0,0,0,0,91,0,0,0,0,2022-10-09T15:30:00Z,0,0,0,0,0,10,0,531,0,2,3,0,0,-7,0,7,40,FALSE,0,Arsenal
Jan Bednarek,DEF,Aston Villa,0.8,0,0,0,0,0,410,0,0,0,0,99,0,0,0,0,2022-10-10T19:00:00Z,0,0,0,0,0,10,0,25742,0,1,1,0,0,-627,379,1006,43,FALSE,0,Nott'm Forest
Bryan Mbeumo,FWD,Brentford,2,0,0,4,0,1.3,95,0,0,0,0,98,3,0,3.2,3.2,2022-10-08T14:00:00Z,61,0,0,0,0,10,0,193021,0,1,5,27,2,-6898,21864,28762,59,FALSE,0,Newcastle
Naby Keita,MID,Liverpool,0,0,0,0,0,0,287,0,0,0,0,91,0,0,0,0,2022-10-09T15:30:00Z,0,0,0,0,0,10,0,4726,0,2,3,0,0,-210,32,242,48,FALSE,0,Arsenal
Archie Gray,MID,Leeds,0,0,0,0,0,0,565,0,0,0,0,95,0,0,0,0,2022-10-09T13:00:00Z,0,0,0,0,0,10,0,5749,0,1,2,0,0,-969,42,1011,45,FALSE,0,Crystal Palace
Amadou Onana,MID,Everton,3,0,0,2,0,3.1,577,0,0,0,0,96,2,0,1.8,0,2022-10-09T18:00:00Z,90,0,0,0,0,10,0,20862,0,2,1,16,1,1890,3602,1712,49,TRUE,1,Man Utd
Amad Diallo,MID,Man Utd,0,0,0,0,0,0,550,0,0,0,0,96,0,0,0,0,2022-10-09T18:00:00Z,0,0,0,0,0,10,0,7145,0,2,1,0,0,-536,0,536,44,FALSE,0,Everton
Billy Gilmour,MID,Brighton,0,0,0,3,0,0.5,149,0,0,0,0,93,0,0,0.1,0.8,2022-10-08T16:30:00Z,1,0,0,0,0,10,0,64938,0,1,0,0,1,-3152,2349,5501,44,TRUE,0,Spurs
Marcus Rashford,MID,Man Utd,1.5,0,0,14,0,21.6,335,0,0,0,0,96,1,0,3.5,10.8,2022-10-09T18:00:00Z,90,0,0,0,0,10,0,1606429,0,2,1,3,2,122787,285526,162739,65,FALSE,0,Everton
Julián Álvarez,FWD,Man City,2,0,0,3,0,12,319,0,0,0,0,97,0,0,1.9,2.6,2022-10-08T14:00:00Z,20,0,0,0,0,10,0,126639,0,0,4,4,1,-12148,6813,18961,61,TRUE,0,Southampton
Mateusz Lis,GK,Southampton,0,0,0,0,0,0,421,0,0,0,0,97,0,0,0,0,2022-10-08T14:00:00Z,0,0,0,0,0,10,0,22158,0,0,4,0,0,-1051,0,1051,40,FALSE,0,Man City
Takehiro Tomiyasu,DEF,Arsenal,0.5,0,0,17,0,5.5,14,0,0,0,0,91,2,0,2.7,21.8,2022-10-09T15:30:00Z,90,0,0,0,0,10,0,74494,0,2,3,0,1,-2094,3762,5856,42,TRUE,0,Liverpool
Emil Krafth,DEF,Newcastle,0,0,0,0,0,0,364,0,0,0,0,98,0,0,0,0,2022-10-08T14:00:00Z,0,0,0,0,0,10,0,2379,0,1,5,0,0,-111,22,133,43,TRUE,0,Brentford
John Stones,DEF,Man City,0,0,0,0,0,0,302,0,0,0,0,97,0,0,0,0,2022-10-08T14:00:00Z,0,0,0,0,0,10,0,168993,0,0,4,0,0,-35804,227,36031,54,TRUE,0,Southampton
Lucas Digne,DEF,Aston Villa,0,0,0,0,0,0,33,0,0,0,0,99,0,0,0,0,2022-10-10T19:00:00Z,0,0,0,0,0,10,0,162087,0,1,1,0,0,-42330,224,42554,47,FALSE,0,Nott'm Forest
Shandon Baptiste,MID,Brentford,2,0,0,9,0,15.1,94,0,0,0,0,98,3,0,4,8.2,2022-10-08T14:00:00Z,62,0,0,0,0,10,0,36923,0,1,5,17,2,278,3259,2981,45,FALSE,0,Newcastle
Nathan Aké,DEF,Man City,3.3,0,0,28,1,0.8,308,0,0,0,0,97,0,0,1.6,15.2,2022-10-08T14:00:00Z,90,0,0,0,0,10,0,85915,0,0,4,0,6,6678,13023,6345,50,TRUE,0,Southampton
Bukayo Saka,MID,Arsenal,8.2,0,3,44,0,3.7,13,0,0,0,0,91,2,2,17.2,70.8,2022-10-09T15:30:00Z,90,0,0,0,0,10,0,1146083,0,2,3,97,15,-84324,43669,127993,78,TRUE,0,Liverpool
Lloyd Kelly,DEF,Bournemouth,0,0,0,0,0,0,73,0,0,0,0,92,0,0,0,0,2022-10-08T14:00:00Z,0,0,0,0,0,10,0,83313,0,1,2,0,0,-15437,109,15546,44,TRUE,0,Leicester
Trent Alexander-Arnold,DEF,Liverpool,0.5,0,0,4,0,14.5,285,0,0,0,0,91,2,0,1.8,3.2,2022-10-09T15:30:00Z,45,0,0,0,0,10,0,3028227,0,2,3,0,0,-729789,20455,750244,73,FALSE,0,Arsenal
Kiernan Dewsbury-Hall,MID,Leicester,3.8,0,0,14,0,23,266,0,0,0,0,92,2,0,5,17.2,2022-10-08T14:00:00Z,90,0,0,0,0,10,0,121149,0,1,2,10,2,1950,14155,12205,50,FALSE,0,Bournemouth
Mohamed Salah,MID,Liverpool,4,0,0,5,0,12,283,0,0,0,0,91,2,0,1.8,1.8,2022-10-09T15:30:00Z,68,0,0,0,0,10,0,3017511,0,2,3,4,2,-717057,19774,736831,127,FALSE,0,Arsenal
Ross Barkley,MID,Chelsea,0,0,0,0,0,0,131,0,0,0,0,94,0,0,0,0,2022-10-08T14:00:00Z,0,0,0,0,0,10,0,3521,0,0,3,0,0,-186,0,186,49,TRUE,0,Wolves
Thomas Partey,MID,Arsenal,4.5,0,0,17,0,13.6,6,0,0,0,0,91,2,0,3.5,21.2,2022-10-09T15:30:00Z,90,0,0,0,0,10,0,45510,0,2,3,0,2,15410,17732,2322,48,TRUE,0,Liverpool
Gavin Bazunu,GK,Southampton,0.7,0,0,17,0,0,422,0,0,0,0,97,4,0,4,40,2022-10-08T14:00:00Z,90,0,0,0,0,10,4,77389,0,0,4,0,1,-3458,1757,5215,45,FALSE,0,Man City
Alex Smithies,GK,Leicester,0.5,0,0,0,0,0,581,0,0,0,0,92,0,0,0,0,2022-10-08T14:00:00Z,0,0,0,0,0,10,0,5196,0,1,2,0,0,110,371,261,40,FALSE,0,Bournemouth
Cameron Archer,FWD,Aston Villa,0.8,0,0,3,0,0.8,54,0,0,0,0,99,0,0,0.6,1.4,2022-10-10T19:00:00Z,9,0,0,0,0,10,0,321745,0,1,1,4,1,-5309,18908,24217,43,FALSE,0,Nott'm Forest
Mathias Jørgensen,DEF,Brentford,0.3,0,0,0,0,0,595,0,0,0,0,98,0,0,0,0,2022-10-08T14:00:00Z,0,0,0,0,0,10,0,110234,0,1,5,0,0,10474,18589,8115,40,FALSE,0,Newcastle
André Tavares Gomes,MID,Everton,0,0,0,0,0,0,184,0,0,0,0,96,0,0,0,0,2022-10-09T18:00:00Z,0,0,0,0,0,10,0,7254,0,2,1,0,0,-489,0,489,45,TRUE,0,Man Utd
Lyanco,DEF,Southampton,-1,0,0,0,0,0,413,0,0,0,0,97,0,0,0,0,2022-10-08T14:00:00Z,0,0,0,0,0,10,0,4538,0,0,4,0,0,-109,69,178,44,FALSE,0,Man City
Thomas Strakosha,GK,Brentford,0,0,0,0,0,0,517,0,0,0,0,98,0,0,0,0,2022-10-08T14:00:00Z,0,0,0,0,0,10,0,18021,0,1,5,0,0,-480,247,727,44,FALSE,0,Newcastle
Ben Chilwell,DEF,Chelsea,1.5,0,0,0,0,0,139,0,0,0,0,94,0,0,0,0,2022-10-08T14:00:00Z,0,0,0,0,0,10,0,369915,0,0,3,0,0,35997,60944,24947,58,TRUE,0,Wolves
Lewis Dunk,DEF,Brighton,1,0,0,15,0,1.8,106,0,0,0,0,93,1,0,2.3,17.6,2022-10-08T16:30:00Z,90,0,0,0,0,10,0,462446,0,1,0,4,2,-8144,20050,28194,46,TRUE,0,Spurs
Alfie Devine,MID,Spurs,0.5,0,0,0,0,0,452,0,0,0,0,93,0,0,0,0,2022-10-08T16:30:00Z,0,0,0,0,0,10,0,9706,0,1,0,0,0,-354,197,551,44,FALSE,0,Brighton
Giulian Biancone,DEF,Nott'm Forest,-0.5,0,0,0,0,0,399,0,0,0,0,99,0,0,0,0,2022-10-10T19:00:00Z,0,0,0,0,0,10,0,5325,0,1,1,0,0,-171,45,216,43,TRUE,0,Aston Villa
Dennis Praet,MID,Leicester,0.8,0,0,0,0,0,549,0,0,0,0,92,0,0,0,0,2022-10-08T14:00:00Z,0,0,0,0,0,10,0,2194,0,1,2,0,0,49,130,81,49,FALSE,0,Bournemouth
Wout Faes,DEF,Leicester,2.5,0,0,21,0,10.7,612,0,0,0,0,92,2,0,5.9,42.4,2022-10-08T14:00:00Z,90,0,0,0,0,10,0,6279,0,1,2,6,1,3010,3564,554,45,FALSE,0,Bournemouth
William Saliba,DEF,Arsenal,5.2,0,0,14,0,1.2,26,0,0,0,0,91,2,0,1.7,15.4,2022-10-09T15:30:00Z,90,0,0,0,0,10,0,2878181,0,2,3,0,1,221940,306363,84423,50,TRUE,0,Liverpool
Haydon Roberts,DEF,Brighton,0,0,0,0,0,0,122,0,0,0,0,93,0,0,0,0,2022-10-08T16:30:00Z,0,0,0,0,0,10,0,557,0,1,0,0,0,-13,0,13,40,TRUE,0,Spurs
Craig Dawson,DEF,West Ham,3.7,1,0,22,0,0.9,459,0,0,0,0,100,1,0,1.6,13.2,2022-10-09T13:00:00Z,90,0,0,0,0,10,0,21071,0,1,3,2,5,2449,3151,702,48,TRUE,0,Fulham
Bryan Gil Salvatierra,MID,Spurs,0.5,0,0,0,0,0,554,0,0,0,0,93,0,0,0,0,2022-10-08T16:30:00Z,0,0,0,0,0,10,0,2363,0,1,0,0,0,7,154,147,50,FALSE,0,Brighton
Willian,MID,Fulham,0.5,0,0,0,0,0,614,0,0,0,0,100,0,0,0,0,2022-10-09T13:00:00Z,0,0,0,0,0,10,0,13719,0,1,3,0,0,-12793,303,13096,55,FALSE,0,West Ham
Emiliano Buendía,MID,Aston Villa,1.8,0,0,14,0,24.9,42,0,0,0,0,99,1,0,5.7,18,2022-10-10T19:00:00Z,90,0,0,0,0,10,0,40727,0,1,1,14,2,-2258,2498,4756,58,FALSE,0,Nott'm Forest
Nathan Ferguson,DEF,Crystal Palace,0,0,0,0,0,0,174,0,0,0,0,95,0,0,0,0,2022-10-09T13:00:00Z,0,0,0,0,0,10,0,29056,0,1,2,0,0,-1174,268,1442,39,TRUE,0,Leeds
Son Heung-Min,MID,Spurs,9.5,1,0,22,1,36.4,428,0,0,0,0,93,0,0,8.2,30,2022-10-08T16:30:00Z,79,0,0,0,0,10,0,1102122,0,1,0,16,6,-87118,66145,153263,117,FALSE,0,Brighton
Aaron Ramsdale,GK,Arsenal,2.5,0,0,15,0,0,15,0,0,0,0,91,2,0,1.3,12.6,2022-10-09T15:30:00Z,90,0,0,0,0,10,2,1098374,0,2,3,0,1,-21961,36722,58683,49,TRUE,0,Liverpool
Tyrick Mitchell,DEF,Crystal Palace,1,0,0,3,0,0.8,170,0,0,0,0,95,0,0,0.2,0.8,2022-10-09T13:00:00Z,25,0,0,0,0,10,0,96747,0,1,2,0,1,16413,21246,4833,45,TRUE,0,Leeds
Ed Turns,DEF,Brighton,0.8,0,0,0,0,0,640,0,0,0,0,93,0,0,0,0,2022-10-08T16:30:00Z,0,0,0,0,0,10,0,0,0,1,0,0,0,0,0,0,40,TRUE,0,Spurs
Max Kilman,DEF,Wolves,0.5,0,0,9,0,0.6,484,0,0,0,0,94,3,0,1.2,7.4,2022-10-08T14:00:00Z,90,0,0,0,0,10,0,215822,0,0,3,4,1,9338,29357,20019,45,FALSE,0,Chelsea
Liam Delap,FWD,Man City,0,0,0,0,0,0,323,0,0,0,0,97,0,0,0,0,2022-10-08T14:00:00Z,0,0,0,0,0,10,0,23465,0,0,4,0,0,-2215,0,2215,44,TRUE,0,Southampton
Dwight McNeil,MID,Everton,3.7,0,0,4,0,15.2,534,0,0,0,0,96,0,0,2.1,3.6,2022-10-09T18:00:00Z,23,0,0,0,0,10,0,16731,0,2,1,2,1,2122,3043,921,52,TRUE,0,Man Utd
Harvey Davies,GK,Liverpool,0.5,0,0,0,0,0,592,0,0,0,0,91,0,0,0,0,2022-10-09T15:30:00Z,0,0,0,0,0,10,0,1968,0,2,3,0,0,12,101,89,40,FALSE,0,Arsenal
N'Golo Kanté,MID,Chelsea,0,0,0,0,0,0,134,0,0,0,0,94,0,0,0,0,2022-10-08T14:00:00Z,0,0,0,0,0,10,0,138414,0,0,3,0,0,-4335,1330,5665,48,TRUE,0,Wolves
Harry Toffolo,DEF,Nott'm Forest,0.2,0,0,7,0,6.1,523,0,0,0,0,99,1,0,1.9,12.4,2022-10-10T19:00:00Z,90,0,0,0,0,10,0,12934,0,1,1,0,2,-913,201,1114,44,TRUE,0,Aston Villa
Jefferson Lerma,MID,Bournemouth,1.5,0,0,13,0,12.4,64,0,0,0,0,92,1,0,2.6,12,2022-10-08T14:00:00Z,90,0,0,0,0,10,0,64003,0,1,2,2,2,-4103,1801,5904,50,TRUE,0,Leicester
Marcus Bettinelli,GK,Chelsea,0.5,0,0,0,0,0,635,0,0,0,0,94,0,0,0,0,2022-10-08T14:00:00Z,0,0,0,0,0,10,0,560,0,0,3,0,0,311,354,43,40,TRUE,0,Wolves
Ezri Konsa Ngoyo,DEF,Aston Villa,5.2,0,0,11,0,1.7,44,0,0,0,0,99,1,0,1.9,14.8,2022-10-10T19:00:00Z,90,0,0,0,0,10,0,45101,0,1,1,2,1,12381,15277,2896,44,FALSE,1,Nott'm Forest
Chris Mepham,DEF,Bournemouth,2.8,0,0,16,0,0.8,71,0,0,0,0,92,1,0,2.3,18,2022-10-08T14:00:00Z,90,0,0,0,0,10,0,16052,0,1,2,4,2,1002,2690,1688,44,TRUE,0,Leicester
Denis Zakaria,MID,Chelsea,0.5,0,0,0,0,0,616,0,0,0,0,94,0,0,0,0,2022-10-08T14:00:00Z,0,0,0,0,0,10,0,2992,0,0,3,0,0,-27,537,564,50,TRUE,0,Wolves
Willy Caballero,GK,Southampton,-1,0,0,0,0,0,424,0,0,0,0,97,0,0,0,0,2022-10-08T14:00:00Z,0,0,0,0,0,10,0,96046,0,0,4,0,0,-1581,1051,2632,40,FALSE,0,Man City
Alex Mighten,MID,Nott'm Forest,0,0,0,0,0,0,395,0,0,0,0,99,0,0,0,0,2022-10-10T19:00:00Z,0,0,0,0,0,10,0,1324,0,1,1,0,0,-58,0,58,49,TRUE,0,Aston Villa
Keinan Davis,FWD,Aston Villa,0,0,0,0,0,0,52,0,0,0,0,99,0,0,0,0,2022-10-10T19:00:00Z,0,0,0,0,0,10,0,4601,0,1,1,0,0,-169,0,169,54,FALSE,0,Nott'm Forest
Robin Olsen,GK,Aston Villa,0.5,0,0,0,0,0,35,0,0,0,0,99,0,0,0,0,2022-10-10T19:00:00Z,0,0,0,0,0,10,0,165915,0,1,1,0,0,-2151,2261,4412,40,FALSE,0,Nott'm Forest
Josh Dasilva,MID,Brentford,1.3,0,0,7,0,5.3,83,0,0,0,0,98,2,0,1.5,7.4,2022-10-08T14:00:00Z,45,0,0,0,0,10,0,633155,0,1,5,2,1,-85669,18791,104460,45,FALSE,0,Newcastle
Roberto Firmino,FWD,Liverpool,9.5,0,1,28,0,6.9,279,0,0,0,0,91,2,1,6.1,36.6,2022-10-09T15:30:00Z,48,0,0,0,0,10,0,465848,0,2,3,17,6,153651,182476,28825,79,FALSE,0,Arsenal
Thiago Alcantara,MID,Liverpool,2.5,0,0,3,0,2.8,277,0,0,0,0,91,3,0,0.5,1.8,2022-10-09T15:30:00Z,90,0,0,0,0,10,0,83238,0,2,3,0,2,2420,11866,9446,52,FALSE,0,Arsenal
João Palhinha,MID,Fulham,3.3,0,0,10,0,2.8,220,0,0,0,0,100,3,0,1.5,12.4,2022-10-09T13:00:00Z,90,0,0,0,0,10,0,30231,0,1,3,0,2,2184,4256,2072,50,FALSE,0,West Ham
Matt Clarke,DEF,Brighton,0,0,0,0,0,0,543,0,0,0,0,93,0,0,0,0,2022-10-08T16:30:00Z,0,0,0,0,0,10,0,14570,0,1,0,0,0,-725,0,725,40,TRUE,0,Spurs
Kieran Trippier,DEF,Newcastle,6.3,1,2,27,0,56.2,357,0,0,0,0,98,1,0,8.6,27.8,2022-10-08T14:00:00Z,83,0,0,0,0,10,0,5474654,0,1,5,2,7,520225,549076,28851,55,TRUE,0,Brentford
Moussa Niakhaté,DEF,Nott'm Forest,-0.1,0,0,0,0,0,507,0,0,0,0,99,0,0,0,0,2022-10-10T19:00:00Z,0,0,0,0,0,10,0,5882,0,1,1,0,0,-175,52,227,43,TRUE,0,Aston Villa
Bernd Leno,GK,Fulham,1.7,0,0,17,0,0,2,0,0,0,0,100,3,0,3.2,31.8,2022-10-09T13:00:00Z,90,0,0,0,0,10,5,170686,0,1,3,0,2,-6887,5162,12049,45,FALSE,0,West Ham
Kyle Walker-Peters,DEF,Southampton,-0.3,0,0,9,0,1.8,409,0,0,0,0,97,4,0,1.4,12.6,2022-10-08T14:00:00Z,78,0,0,0,0,10,0,148084,0,0,4,0,-1,-11252,3583,14835,45,FALSE,1,Man City
Joe Rothwell,MID,Bournemouth,-0.4,0,0,0,0,0,505,0,0,0,0,92,0,0,0,0,2022-10-08T14:00:00Z,0,0,0,0,0,10,0,437,0,1,2,0,0,-17,24,41,49,TRUE,0,Leicester
Nuno Tavares,DEF,Arsenal,0,0,0,0,0,0,17,0,0,0,0,91,0,0,0,0,2022-10-09T15:30:00Z,0,0,0,0,0,10,0,891,0,2,3,0,0,-29,0,29,45,TRUE,0,Liverpool
Daniel Iversen,GK,Leicester,0.5,0,0,0,0,0,548,0,0,0,0,92,0,0,0,0,2022-10-08T14:00:00Z,0,0,0,0,0,10,0,496697,0,1,2,0,0,13585,27939,14354,39,FALSE,0,Bournemouth
Steven Bergwijn,MID,Spurs,0,0,0,0,0,0,437,0,0,0,0,93,0,0,0,0,2022-10-08T16:30:00Z,0,0,0,0,0,10,0,172,0,1,0,0,0,-5,0,5,55,FALSE,0,Brighton
Saman Ghoddos,MID,Brentford,0.3,0,0,3,0,0.8,87,0,0,0,0,98,1,0,0.1,0,2022-10-08T14:00:00Z,7,0,0,0,0,10,0,2594,0,1,5,0,1,-64,94,158,48,FALSE,0,Newcastle
Arthur Henrique Ramos de Oliveira Melo,MID,Liverpool,0,0,0,0,0,0,620,0,0,0,0,91,0,0,0,0,2022-10-09T15:30:00Z,0,0,0,0,0,10,0,4785,0,2,3,0,0,-1335,284,1619,49,FALSE,0,Arsenal
Connor Ronan,MID,Wolves,-0.5,0,0,0,0,0,567,0,0,0,0,94,0,0,0,0,2022-10-08T14:00:00Z,0,0,0,0,0,10,0,18518,0,0,3,0,0,189,1544,1355,44,FALSE,0,Chelsea
Aymeric Laporte,DEF,Man City,1,0,0,0,0,0,309,0,0,0,0,97,0,0,0,0,2022-10-08T14:00:00Z,0,0,0,0,0,10,0,28537,0,0,4,0,0,2084,2982,898,58,TRUE,0,Southampton
Antony,MID,Man Utd,7.5,0,1,28,0,35.5,609,0,0,0,0,96,1,1,11.3,44.6,2022-10-09T18:00:00Z,90,0,0,0,0,10,0,681685,0,2,1,33,8,133132,173998,40866,75,FALSE,0,Everton
Joelinton,MID,Newcastle,1.7,1,0,11,0,1.3,371,0,0,0,0,98,0,0,1,4.8,2022-10-08T14:00:00Z,24,0,0,0,0,10,0,78849,0,1,5,4,4,-15118,4301,19419,60,TRUE,0,Brentford
Joseph Hodge,MID,Wolves,-0.2,0,0,4,0,2.1,566,0,0,0,0,94,2,0,0.7,2.6,2022-10-08T14:00:00Z,45,0,0,0,0,10,0,6204,0,0,3,2,1,597,1003,406,44,FALSE,0,Chelsea
Alex Iwobi,MID,Everton,6.7,0,2,33,0,23.3,186,0,0,0,0,96,2,1,8.7,44.2,2022-10-09T18:00:00Z,90,0,0,0,0,10,0,47012,0,2,1,19,9,9798,13913,4115,55,TRUE,0,Man Utd
Adam Forshaw,MID,Leeds,0,0,0,0,0,0,224,0,0,0,0,95,0,0,0,0,2022-10-09T13:00:00Z,0,0,0,0,0,10,0,5240,0,1,2,0,0,-697,12,709,45,FALSE,0,Crystal Palace
Ben Pearson,MID,Bournemouth,-0.4,0,0,0,0,0,68,0,0,0,0,92,0,0,0,0,2022-10-08T14:00:00Z,0,0,0,0,0,10,0,23698,0,1,2,0,0,-1950,407,2357,45,TRUE,0,Leicester
Joel Matip,DEF,Liverpool,1.5,0,0,16,0,0.9,276,0,0,0,0,91,2,0,1.3,11.8,2022-10-09T15:30:00Z,68,0,0,0,0,10,0,99751,0,2,3,0,1,-2953,4015,6968,59,FALSE,0,Arsenal
Sven Botman,DEF,Newcastle,2.3,0,0,22,0,0.8,377,0,0,0,0,98,1,0,5.9,22.2,2022-10-08T14:00:00Z,90,0,0,0,0,10,0,197975,0,1,5,36,2,5408,14391,8983,44,TRUE,0,Brentford
Saïd Benrahma,MID,West Ham,0.3,0,0,0,0,0,464,0,0,0,0,100,0,0,0,0,2022-10-09T13:00:00Z,0,0,0,0,0,10,0,89215,0,1,3,0,0,-9065,2402,11467,56,TRUE,0,Fulham
Fabinho,MID,Liverpool,2,0,0,1,0,1.2,282,0,0,0,0,91,1,0,0.2,0.8,2022-10-09T15:30:00Z,21,0,0,0,0,10,0,103266,0,2,3,0,1,-3700,4465,8165,54,FALSE,0,Arsenal
Hakim Ziyech,MID,Chelsea,1,0,0,3,0,3,135,0,0,0,0,94,0,0,0.3,0,2022-10-08T14:00:00Z,4,0,0,0,0,10,0,36766,0,0,3,0,1,-1796,1311,3107,56,TRUE,0,Wolves
Kenedy,DEF,Chelsea,0,0,0,0,0,0,138,0,0,0,0,94,0,0,0,0,2022-10-08T14:00:00Z,0,0,0,0,0,10,0,34183,0,0,3,0,0,-2021,0,2021,39,TRUE,0,Wolves
Willy Boly,DEF,Nott'm Forest,-0.5,0,0,0,0,0,474,0,0,0,0,99,0,0,0,0,2022-10-10T19:00:00Z,0,0,0,0,0,10,0,17971,0,1,1,0,0,-488,326,814,42,TRUE,0,Aston Villa
Tomas Soucek,MID,West Ham,2.3,0,0,17,0,12.5,468,0,0,0,0,100,1,0,3.4,19.2,2022-10-09T13:00:00Z,90,0,0,0,0,10,0,131189,0,1,3,2,2,-5842,7608,13450,54,TRUE,0,Fulham
Leo Fuhr Hjelde,DEF,Leeds,0,0,0,0,0,0,243,0,0,0,0,95,0,0,0,0,2022-10-09T13:00:00Z,0,0,0,0,0,10,0,32211,0,1,2,0,0,-725,1575,2300,39,FALSE,0,Crystal Palace
Mads Roerslev,DEF,Brentford,0,0,0,0,0,0,90,0,0,0,0,98,0,0,0,0,2022-10-08T14:00:00Z,0,0,0,0,0,10,0,5231,0,1,5,0,0,-49,172,221,43,FALSE,0,Newcastle
Harvey Vale,MID,Chelsea,0,0,0,0,0,0,606,0,0,0,0,94,0,0,0,0,2022-10-08T14:00:00Z,0,0,0,0,0,10,0,185,0,0,3,0,0,-11,0,11,45,TRUE,0,Wolves
Wilfried Zaha,MID,Crystal Palace,3.5,1,0,9,0,12.1,160,0,0,0,0,95,1,0,8.4,20.8,2022-10-09T13:00:00Z,90,0,0,0,0,10,0,2086065,0,1,2,51,5,264862,395422,130560,74,TRUE,0,Leeds
Sean Longstaff,MID,Newcastle,3.3,0,0,6,0,4.9,370,0,0,0,0,98,1,0,1.5,2.2,2022-10-08T14:00:00Z,90,0,0,0,0,10,0,259523,0,1,5,8,2,26960,44631,17671,44,TRUE,0,Brentford
Mads Bech Sørensen,DEF,Brentford,0,0,0,0,0,0,91,0,0,0,0,98,0,0,0,0,2022-10-08T14:00:00Z,0,0,0,0,0,10,0,4296,0,1,5,0,0,-266,0,266,45,FALSE,0,Newcastle
Tom Davies,MID,Everton,0.3,0,0,0,0,0,190,0,0,0,0,96,0,0,0,0,2022-10-09T18:00:00Z,0,0,0,0,0,10,0,4671,0,2,1,0,0,-98,239,337,49,TRUE,0,Man Utd
Granit Xhaka,MID,Arsenal,4.8,0,0,8,0,7.3,3,0,0,0,0,91,2,0,4.2,16.6,2022-10-09T15:30:00Z,90,0,0,0,0,10,0,390185,0,2,3,18,2,63525,83754,20229,51,TRUE,0,Liverpool
Lisandro Martínez,DEF,Man Utd,0.5,0,0,11,0,4.7,533,0,0,0,0,96,1,0,2.8,23,2022-10-09T18:00:00Z,90,0,0,0,0,10,0,606627,0,2,1,0,2,-1440,31648,33088,45,FALSE,0,Everton
Pape Matar Sarr,MID,Spurs,0.5,0,0,0,0,0,450,0,0,0,0,93,0,0,0,0,2022-10-08T16:30:00Z,0,0,0,0,0,10,0,51138,0,1,0,0,0,-2405,730,3135,44,FALSE,0,Brighton
Junior Firpo,DEF,Leeds,0.5,0,0,0,0,0,239,0,0,0,0,95,0,0,0,0,2022-10-09T13:00:00Z,0,0,0,0,0,10,0,1224,0,1,2,0,0,254,333,79,45,FALSE,0,Crystal Palace
Harvey Barnes,MID,Leicester,4.5,0,0,8,0,1.8,264,0,0,0,0,92,2,0,5.7,14,2022-10-08T14:00:00Z,90,0,0,0,0,10,0,163359,0,1,2,41,2,23499,34463,10964,69,FALSE,0,Bournemouth
Idrissa Gueye,MID,Everton,2,0,0,6,0,1.3,611,0,0,0,0,96,2,0,0,0,2022-10-09T18:00:00Z,75,0,0,0,0,10,0,6571,0,2,1,0,2,-91,1006,1097,50,TRUE,0,Man Utd
Michail Antonio,FWD,West Ham,3.7,0,3,24,0,0,458,0,0,0,0,100,0,1,6.8,38.2,2022-10-09T13:00:00Z,10,0,0,0,0,10,0,186998,0,1,3,30,8,-10216,10892,21108,71,TRUE,0,Fulham
Mohamed Elyounoussi,MID,Southampton,0.3,0,0,1,0,0.8,406,0,0,0,0,97,0,0,0.2,0,2022-10-08T14:00:00Z,24,0,0,0,0,10,0,6652,0,0,4,3,1,-519,139,658,53,FALSE,0,Man City
Frank Onyeka,MID,Brentford,1,0,0,4,0,0.8,93,0,0,0,0,98,2,0,0.5,2.2,2022-10-08T14:00:00Z,27,0,0,0,0,10,0,3828,0,1,5,2,1,-44,191,235,48,FALSE,0,Newcastle
Zidane Iqbal,MID,Man Utd,0,0,0,0,0,0,551,0,0,0,0,96,0,0,0,0,2022-10-09T18:00:00Z,0,0,0,0,0,10,0,43395,0,2,1,0,0,-413,4700,5113,43,FALSE,0,Everton
Niels Nkounkou,DEF,Everton,0,0,0,0,0,0,198,0,0,0,0,96,0,0,0,0,2022-10-09T18:00:00Z,0,0,0,0,0,10,0,25759,0,2,1,0,0,-1442,0,1442,40,TRUE,0,Man Utd
Rodrigo Bentancur,MID,Spurs,6.2,0,0,8,1,5,440,0,0,0,0,93,0,0,3.4,18.4,2022-10-08T16:30:00Z,90,0,0,0,0,10,0,46758,0,1,0,11,3,4734,10273,5539,54,FALSE,0,Brighton
Mason Mount,MID,Chelsea,7,2,3,38,1,67.3,142,0,0,0,0,94,0,0,14.2,44.2,2022-10-08T14:00:00Z,71,0,0,0,0,10,0,357292,0,0,3,30,12,-11870,22450,34320,76,TRUE,0,Wolves
Nayef Aguerd,DEF,West Ham,0,0,0,0,0,0,472,0,0,0,0,100,0,0,0,0,2022-10-09T13:00:00Z,0,0,0,0,0,10,0,3819,0,1,3,0,0,-89,57,146,48,TRUE,0,Fulham
Manor Solomon,MID,Fulham,0,0,0,0,0,0,562,0,0,0,0,100,0,0,0,0,2022-10-09T13:00:00Z,0,0,0,0,0,10,0,514,0,1,3,0,0,-16,8,24,49,FALSE,0,West Ham
Raúl Jiménez,FWD,Wolves,0,0,0,0,0,0,476,0,0,0,0,94,0,0,0,0,2022-10-08T14:00:00Z,0,0,0,0,0,10,0,24661,0,0,3,0,0,-2616,197,2813,68,FALSE,0,Chelsea
Luke Chambers,DEF,Liverpool,0.5,0,0,0,0,0,563,0,0,0,0,91,0,0,0,0,2022-10-09T15:30:00Z,0,0,0,0,0,10,0,9373,0,2,3,0,0,44,458,414,40,FALSE,0,Arsenal
Kai Havertz,FWD,Chelsea,4.5,0,0,20,1,5.6,145,0,0,0,0,94,0,1,9.4,33.2,2022-10-08T14:00:00Z,85,0,0,0,0,10,0,219542,0,0,3,55,6,-4000,14737,18737,77,TRUE,0,Wolves
Ibrahima Diallo,MID,Southampton,0,0,0,11,0,3.3,416,0,0,0,0,97,4,0,0.7,3.6,2022-10-08T14:00:00Z,90,0,0,0,0,10,0,53950,0,0,4,0,2,-2448,2118,4566,44,FALSE,0,Man City
Adam Armstrong,FWD,Southampton,0.5,0,0,4,0,13,408,0,0,0,0,97,4,0,1.3,0.2,2022-10-08T14:00:00Z,65,0,0,0,0,10,0,139838,0,0,4,0,2,-26127,9235,35362,55,FALSE,0,Man City
Joe Worrall,DEF,Nott'm Forest,-0.2,0,0,0,0,0,388,0,0,0,0,99,0,0,0,0,2022-10-10T19:00:00Z,0,0,0,0,0,10,0,10928,0,1,1,0,0,-512,225,737,43,TRUE,0,Aston Villa
Danny Welbeck,FWD,Brighton,3,0,0,3,0,18.5,103,0,0,0,0,93,1,0,5.2,2.4,2022-10-08T16:30:00Z,90,0,0,0,0,10,0,151847,0,1,0,31,2,39183,51718,12535,65,TRUE,0,Spurs
Jorginho,MID,Chelsea,2,0,0,12,1,3.4,130,0,0,0,0,94,0,0,2.7,16.4,2022-10-08T14:00:00Z,90,0,0,0,0,10,0,271770,0,0,3,7,2,-16722,6927,23649,59,TRUE,1,Wolves
Timo Werner,FWD,Chelsea,0,0,0,0,0,0,137,0,0,0,0,94,0,0,0,0,2022-10-08T14:00:00Z,0,0,0,0,0,10,0,19561,0,0,3,0,0,-276,0,276,79,TRUE,0,Wolves
Layvin Kurzawa,DEF,Fulham,0,0,0,0,0,0,613,0,0,0,0,100,0,0,0,0,2022-10-09T13:00:00Z,0,0,0,0,0,10,0,4655,0,1,3,0,0,-1118,308,1426,45,FALSE,0,West Ham
Wayne Hennessey,GK,Nott'm Forest,-0.5,0,0,0,0,0,518,0,0,0,0,99,0,0,0,0,2022-10-10T19:00:00Z,0,0,0,0,0,10,0,188799,0,1,1,0,0,9578,14556,4978,39,TRUE,0,Aston Villa
Andreas Pereira,MID,Fulham,3,0,0,20,0,16.2,346,0,0,0,0,100,2,1,8,33.8,2022-10-09T13:00:00Z,76,0,0,0,0,10,0,2610636,0,1,3,30,6,-124287,59079,183366,46,FALSE,1,West Ham
Rúben Dias,DEF,Man City,5,0,0,24,1,0.8,312,0,0,0,0,97,0,0,2.4,18.8,2022-10-08T14:00:00Z,90,0,0,0,0,10,0,980567,0,0,4,4,6,-76752,33377,110129,59,TRUE,0,Southampton
Ellery Balcombe,GK,Brentford,0,0,0,0,0,0,100,0,0,0,0,98,0,0,0,0,2022-10-08T14:00:00Z,0,0,0,0,0,10,0,9022,0,1,5,0,0,-346,0,346,40,FALSE,0,Newcastle
Jean-Philippe Gbamin,MID,Everton,0,0,0,0,0,0,187,0,0,0,0,96,0,0,0,0,2022-10-09T18:00:00Z,0,0,0,0,0,10,0,2554,0,2,1,0,0,-117,0,117,45,TRUE,0,Man Utd
Oleksandr Zinchenko,DEF,Arsenal,0.2,0,0,0,0,0,313,0,0,0,0,91,0,0,0,0,2022-10-09T15:30:00Z,0,0,0,0,0,10,0,1267763,0,2,3,0,0,-19159,46202,65361,51,TRUE,0,Liverpool
Reece Welch,DEF,Everton,0,0,0,0,0,0,605,0,0,0,0,96,0,0,0,0,2022-10-09T18:00:00Z,0,0,0,0,0,10,0,5405,0,2,1,0,0,123,458,335,40,TRUE,0,Man Utd
Emerson Royal,DEF,Spurs,0,0,0,0,0,0,445,0,0,0,0,93,0,0,0,0,2022-10-08T16:30:00Z,0,0,0,0,0,10,0,327593,0,1,0,0,0,-205510,536,206046,50,FALSE,0,Brighton
Daniel Podence,MID,Wolves,1.5,0,0,-1,0,4.5,483,0,0,0,0,94,3,0,3.2,0,2022-10-08T14:00:00Z,90,0,0,0,0,10,0,119158,0,0,3,28,2,-6579,8865,15444,55,FALSE,0,Chelsea
Michael Olise,MID,Crystal Palace,3.5,1,1,20,0,43.3,171,0,0,0,0,95,1,0,8.6,33.8,2022-10-09T13:00:00Z,84,0,0,0,0,10,0,17086,0,1,2,9,5,1388,2552,1164,54,TRUE,1,Leeds
Richie Laryea,DEF,Nott'm Forest,0,0,0,0,0,0,392,0,0,0,0,99,0,0,0,0,2022-10-10T19:00:00Z,0,0,0,0,0,10,0,1363,0,1,1,0,0,-55,0,55,45,TRUE,0,Aston Villa
Marc Cucurella,DEF,Chelsea,4,0,1,29,1,20.7,112,0,0,0,0,94,0,0,5.1,30.4,2022-10-08T14:00:00Z,90,0,0,0,0,10,0,877531,0,0,3,0,7,-125298,20426,145724,51,TRUE,0,Wolves
Jamie Shackleton,MID,Leeds,0,0,0,0,0,0,234,0,0,0,0,95,0,0,0,0,2022-10-09T13:00:00Z,0,0,0,0,0,10,0,317,0,1,2,0,0,-18,0,18,45,FALSE,0,Crystal Palace
Ollie Watkins,FWD,Aston Villa,2.5,0,0,-3,0,15,40,0,0,0,0,99,1,0,6.4,6.4,2022-10-10T19:00:00Z,90,0,0,0,0,10,0,258318,0,1,1,43,2,37052,61896,24844,72,FALSE,0,Nott'm Forest
James Hill,DEF,Bournemouth,-0.5,0,0,0,0,0,539,0,0,0,0,92,0,0,0,0,2022-10-08T14:00:00Z,0,0,0,0,0,10,0,4197,0,1,2,0,0,-103,108,211,44,TRUE,0,Leicester
Adam Smith,DEF,Bournemouth,3.5,0,0,14,0,1,57,0,0,0,0,92,1,0,1.3,11.6,2022-10-08T14:00:00Z,90,0,0,0,0,10,0,17183,0,1,2,0,2,1930,3148,1218,44,TRUE,0,Leicester
Killian Phillips,MID,Crystal Palace,0,0,0,0,0,0,604,0,0,0,0,95,0,0,0,0,2022-10-09T13:00:00Z,0,0,0,0,0,10,0,3102,0,1,2,0,0,111,528,417,45,TRUE,0,Leeds
Zack Steffen,GK,Man City,0,0,0,0,0,0,310,0,0,0,0,97,0,0,0,0,2022-10-08T14:00:00Z,0,0,0,0,0,10,0,1702,0,0,4,0,0,-133,0,133,40,TRUE,0,Southampton
Leandro Trossard,MID,Brighton,10.5,0,0,7,0,26.8,111,0,0,0,0,93,1,0,7.4,4.8,2022-10-08T16:30:00Z,90,0,0,0,0,10,0,1285348,0,1,0,42,2,868112,899787,31675,67,TRUE,0,Spurs
Ben Johnson,DEF,West Ham,0,0,0,0,0,0,471,0,0,0,0,100,0,0,0,0,2022-10-09T13:00:00Z,0,0,0,0,0,10,0,6392,0,1,3,0,0,-167,102,269,44,TRUE,0,Fulham
Paulo Gazzaniga Farias,GK,Fulham,0,0,0,0,0,0,207,0,0,0,0,100,0,0,0,0,2022-10-09T13:00:00Z,0,0,0,0,0,10,0,276432,0,1,3,0,0,-21114,0,21114,40,FALSE,0,West Ham
Jesse Lingard,MID,Nott'm Forest,0.2,0,0,0,0,0,527,0,0,0,0,99,0,0,0,0,2022-10-10T19:00:00Z,0,0,0,0,0,10,0,214122,0,1,1,0,0,-32317,3026,35343,56,TRUE,0,Aston Villa
Nathan Patterson,DEF,Everton,0,0,0,0,0,0,197,0,0,0,0,96,0,0,0,0,2022-10-09T18:00:00Z,0,0,0,0,0,10,0,586163,0,2,1,0,0,-90660,7503,98163,41,TRUE,0,Man Utd
Jacob Murphy,MID,Newcastle,3.7,0,1,26,0,11.7,365,0,0,0,0,98,1,1,8.5,36.8,2022-10-08T14:00:00Z,65,0,0,0,0,10,0,446771,0,1,5,36,8,36799,73968,37169,43,TRUE,0,Brentford
Sam Surridge,FWD,Nott'm Forest,0.2,0,0,2,0,10.4,391,0,0,0,0,99,0,0,1,0,2022-10-10T19:00:00Z,19,0,0,0,0,10,0,94467,0,1,1,0,1,-745,6896,7641,48,TRUE,0,Aston Villa
Jamie Vardy,FWD,Leicester,2.8,0,0,1,0,0.5,255,0,0,0,0,92,2,0,0.5,0,2022-10-08T14:00:00Z,23,0,0,0,0,10,0,243390,0,1,2,6,1,-1247,16858,18105,92,FALSE,0,Bournemouth
Ben White,DEF,Arsenal,3.5,0,0,7,0,1.8,10,0,0,0,0,91,2,0,1.6,8.2,2022-10-09T15:30:00Z,90,0,0,0,0,10,0,605532,0,2,3,6,1,37470,67742,30272,45,TRUE,0,Liverpool
Konstantinos Tsimikas,DEF,Liverpool,1,0,0,12,0,4,292,0,0,0,0,91,3,0,2,7.6,2022-10-09T15:30:00Z,90,0,0,0,0,10,0,61040,0,2,3,8,1,-2644,9305,11949,45,FALSE,0,Arsenal
Claudio Gomes,MID,Man City,0,0,0,0,0,0,599,0,0,0,0,97,0,0,0,0,2022-10-08T14:00:00Z,0,0,0,0,0,10,0,826,0,0,4,0,0,-97,0,97,45,TRUE,0,Southampton
James Tomkins,DEF,Crystal Palace,0.5,0,0,0,0,0,153,0,0,0,0,95,0,0,0,0,2022-10-09T13:00:00Z,0,0,0,0,0,10,0,112711,0,1,2,0,0,43484,49438,5954,39,TRUE,0,Leeds
Mohamed Elneny,MID,Arsenal,0,0,0,0,0,0,4,0,0,0,0,91,0,0,0,0,2022-10-09T15:30:00Z,0,0,0,0,0,10,0,71360,0,2,3,0,0,-6254,917,7171,43,TRUE,0,Liverpool
Jackson Smith,GK,Wolves,-0.5,0,0,0,0,0,557,0,0,0,0,94,0,0,0,0,2022-10-08T14:00:00Z,0,0,0,0,0,10,0,81508,0,0,3,0,0,-760,1090,1850,40,FALSE,0,Chelsea
Jacob Ramsey,MID,Aston Villa,5.2,0,0,11,0,13.3,47,0,0,0,0,99,1,0,3.5,11.8,2022-10-10T19:00:00Z,80,0,0,0,0,10,0,140956,0,1,1,10,1,11595,24195,12600,52,FALSE,1,Nott'm Forest
Jamaal Lascelles,DEF,Newcastle,0.3,0,0,0,0,0,360,0,0,0,0,98,0,0,0,0,2022-10-08T14:00:00Z,0,0,0,0,0,10,0,8988,0,1,5,0,0,8,402,394,43,TRUE,0,Brentford
Braian Ojeda Rodríguez,MID,Nott'm Forest,0,0,0,0,0,0,396,0,0,0,0,99,0,0,0,0,2022-10-10T19:00:00Z,0,0,0,0,0,10,0,3794,0,1,1,0,0,-234,0,234,45,TRUE,0,Aston Villa
Allan Saint-Maximin,MID,Newcastle,0.2,0,0,5,0,0.1,368,0,0,0,0,98,0,0,0.2,1.4,2022-10-08T14:00:00Z,12,0,0,0,0,10,0,516207,0,1,5,0,1,-81173,11206,92379,64,TRUE,0,Brentford
Kieffer Moore,FWD,Bournemouth,0.8,0,0,4,0,0,62,0,0,0,0,92,0,0,0.4,2,2022-10-08T14:00:00Z,1,0,0,0,0,10,0,74657,0,1,2,2,1,-3013,4830,7843,55,TRUE,0,Leicester
Kaoru Mitoma,MID,Brighton,2,0,0,2,0,11.9,124,0,0,0,0,93,0,0,7.9,7.6,2022-10-08T16:30:00Z,23,0,0,0,0,10,0,4963,0,1,0,59,1,547,845,298,49,TRUE,0,Spurs
Flynn Downes,MID,West Ham,0.3,0,0,3,0,0.1,509,0,0,0,0,100,0,0,0,0.2,2022-10-09T13:00:00Z,1,0,0,0,0,10,0,27693,0,1,3,0,1,-1267,389,1656,44,TRUE,0,Fulham
Neto,GK,Bournemouth,4.5,0,0,17,0,0,574,0,0,0,0,92,1,0,3,30,2022-10-08T14:00:00Z,90,0,0,0,0,10,4,35672,0,1,2,0,3,9311,13128,3817,45,TRUE,0,Leicester
Loris Karius,GK,Newcastle,0,0,0,0,0,0,626,0,0,0,0,98,0,0,0,0,2022-10-08T14:00:00Z,0,0,0,0,0,10,0,5172,0,1,5,0,0,788,1276,488,40,TRUE,0,Brentford
Pedro Neto,MID,Wolves,0,0,0,0,0,0,486,0,0,0,0,94,0,0,0,0,2022-10-08T14:00:00Z,0,0,0,0,0,10,0,346253,0,0,3,0,0,-135102,746,135848,51,FALSE,0,Chelsea
Issa Diop,DEF,Fulham,0.3,0,0,0,0,0,470,0,0,0,0,100,0,0,0,0,2022-10-09T13:00:00Z,0,0,0,0,0,10,0,12694,0,1,3,0,0,-174,342,516,43,FALSE,0,West Ham
Christian Saydee,FWD,Bournemouth,0,0,0,0,0,0,597,0,0,0,0,92,0,0,0,0,2022-10-08T14:00:00Z,0,0,0,0,0,10,0,2696,0,1,2,0,0,-179,0,179,45,TRUE,0,Leicester
Emile Smith Rowe,MID,Arsenal,0,0,0,0,0,0,12,0,0,0,0,91,0,0,0,0,2022-10-09T15:30:00Z,0,0,0,0,0,10,0,47289,0,2,3,0,0,-5184,111,5295,56,TRUE,0,Liverpool
Rico Henry,DEF,Brentford,2.3,0,0,9,0,1.8,85,0,0,0,0,98,5,0,1.2,5.8,2022-10-08T14:00:00Z,90,0,0,0,0,10,0,118260,0,1,5,4,0,-2317,7397,9714,45,FALSE,0,Newcastle
Matt Turner,GK,Arsenal,-0.5,0,0,0,0,0,24,0,0,0,0,91,0,0,0,0,2022-10-09T15:30:00Z,0,0,0,0,0,10,0,172798,0,2,3,0,0,3941,13237,9296,39,TRUE,0,Liverpool
Harry Wilson,MID,Fulham,0.2,0,0,2,0,0.9,212,0,0,0,0,100,1,0,0.1,0.2,2022-10-09T13:00:00Z,13,0,0,0,0,10,0,3176,0,1,3,0,1,-104,65,169,57,FALSE,0,West Ham
Halil Dervişoğlu,FWD,Brentford,0,0,0,0,0,0,541,0,0,0,0,98,0,0,0,0,2022-10-08T14:00:00Z,0,0,0,0,0,10,0,99811,0,1,5,0,0,-11445,0,11445,45,FALSE,0,Newcastle
Tim Ream,DEF,Fulham,0.7,0,0,11,0,1,201,0,0,0,0,100,3,0,2.6,25,2022-10-09T13:00:00Z,90,0,0,0,0,10,0,13867,0,1,3,0,1,-1559,491,2050,45,FALSE,0,West Ham
Sergi Canós,DEF,Brentford,0,0,0,0,0,0,82,0,0,0,0,98,0,0,0,0,2022-10-08T14:00:00Z,0,0,0,0,0,10,0,5911,0,1,5,0,0,-209,1509,1718,50,FALSE,0,Newcastle
Joel Ward,DEF,Crystal Palace,1.5,0,0,13,0,1.2,156,0,0,0,0,95,1,0,1.4,12.4,2022-10-09T13:00:00Z,90,0,0,0,0,10,0,24964,0,1,2,0,2,2118,3521,1403,45,TRUE,0,Leeds
Hwang Hee-chan,MID,Wolves,0.1,0,0,1,0,0.3,481,0,0,0,0,94,1,0,2.1,3.6,2022-10-08T14:00:00Z,33,0,0,0,0,10,0,16971,0,0,3,17,1,-2830,71,2901,57,FALSE,0,Chelsea
Jarrad Branthwaite,DEF,Everton,0,0,0,0,0,0,196,0,0,0,0,96,0,0,0,0,2022-10-09T18:00:00Z,0,0,0,0,0,10,0,1588,0,2,1,0,0,-48,0,48,40,TRUE,0,Man Utd
Thilo Kehrer,DEF,West Ham,4.3,0,0,8,0,11.8,588,0,0,0,0,100,1,0,3.9,5.2,2022-10-09T13:00:00Z,90,0,0,0,0,10,0,47378,0,1,3,22,1,33576,36492,2916,45,TRUE,1,Fulham
Harvey Elliott,MID,Liverpool,1.5,0,0,3,0,1,294,0,0,0,0,91,0,0,1.4,2.8,2022-10-09T15:30:00Z,9,0,0,0,0,10,0,103590,0,2,3,10,1,-19363,3809,23172,50,FALSE,0,Arsenal
Robin Koch,DEF,Leeds,2.5,0,0,6,0,0.5,230,0,0,0,0,95,2,0,1.5,12,2022-10-09T13:00:00Z,90,0,0,0,0,10,0,18033,0,1,2,2,0,732,1421,689,45,FALSE,1,Crystal Palace
Hamza Choudhury,MID,Leicester,0,0,0,0,0,0,263,0,0,0,0,92,0,0,0,0,2022-10-08T14:00:00Z,0,0,0,0,0,10,0,6082,0,1,2,0,0,-320,0,320,45,FALSE,0,Bournemouth
Kelechi Iheanacho,FWD,Leicester,1.2,0,0,3,0,0.5,262,0,0,0,0,92,0,0,0.3,0.2,2022-10-08T14:00:00Z,11,0,0,0,0,10,0,51224,0,1,2,2,1,-1369,4414,5783,62,FALSE,0,Bournemouth
Yan Valery,DEF,Southampton,0,0,0,0,0,0,414,0,0,0,0,97,0,0,0,0,2022-10-08T14:00:00Z,0,0,0,0,0,10,0,49951,0,0,4,0,0,-3274,0,3274,40,FALSE,0,Man City
Rayan Aït-Nouri,DEF,Wolves,0.5,0,0,3,0,0,487,0,0,0,0,94,1,0,0.2,1.6,2022-10-08T14:00:00Z,18,0,0,0,0,10,0,113419,0,0,3,0,1,-1934,7314,9248,43,FALSE,0,Chelsea
Chem Campbell,MID,Wolves,0.5,0,0,-1,0,1.3,568,0,0,0,0,94,1,0,0.4,0,2022-10-08T14:00:00Z,18,0,0,0,0,10,0,49282,0,0,3,4,1,-1671,1927,3598,44,FALSE,0,Chelsea
Phil Jones,DEF,Man Utd,0,0,0,0,0,0,328,0,0,0,0,96,0,0,0,0,2022-10-09T18:00:00Z,0,0,0,0,0,10,0,79091,0,2,1,0,0,973,4465,3492,39,FALSE,0,Everton
Michael Keane,DEF,Everton,0,0,0,0,0,0,180,0,0,0,0,96,0,0,0,0,2022-10-09T18:00:00Z,0,0,0,0,0,10,0,42341,0,2,1,0,0,-169,1715,1884,42,TRUE,0,Man Utd
Ryan Trevitt,MID,Brentford,0,0,0,0,0,0,632,0,0,0,0,98,0,0,0,0,2022-10-08T14:00:00Z,0,0,0,0,0,10,0,434,0,1,5,0,0,339,383,44,45,FALSE,0,Newcastle
Emiliano Marcondes,MID,Bournemouth,-0.5,0,0,0,0,0,63,0,0,0,0,92,0,0,0,0,2022-10-08T14:00:00Z,0,0,0,0,0,10,0,1967,0,1,2,0,0,-3,100,103,48,TRUE,0,Leicester
Boubakary Soumaré,MID,Leicester,1.2,0,0,15,0,2.3,269,0,0,0,0,92,2,0,0.9,6.8,2022-10-08T14:00:00Z,78,0,0,0,0,10,0,64873,0,1,2,0,1,-2887,2377,5264,44,FALSE,1,Bournemouth
Kepa Arrizabalaga,GK,Chelsea,4.5,0,0,26,1,0,133,0,0,0,0,94,0,0,1.7,17.4,2022-10-08T14:00:00Z,90,0,0,0,0,10,2,59312,0,0,3,0,6,20497,25240,4743,44,TRUE,0,Wolves
Joe Lolley,MID,Nott'm Forest,0,0,0,0,0,0,384,0,0,0,0,99,0,0,0,0,2022-10-10T19:00:00Z,0,0,0,0,0,10,0,1503,0,1,1,0,0,-61,0,61,49,TRUE,0,Aston Villa
Yoane Wissa,MID,Brentford,1,0,0,1,0,0.8,89,0,0,0,0,98,2,0,1.1,0,2022-10-08T14:00:00Z,28,0,0,0,0,10,0,30197,0,1,5,11,1,-8082,981,9063,54,FALSE,0,Newcastle
Harry Arter,MID,Nott'm Forest,-0.5,0,0,0,0,0,378,0,0,0,0,99,0,0,0,0,2022-10-10T19:00:00Z,0,0,0,0,0,10,0,27001,0,1,1,0,0,1664,4258,2594,43,TRUE,0,Aston Villa
Darko Gyabi,MID,Leeds,0,0,0,0,0,0,247,0,0,0,0,95,0,0,0,0,2022-10-09T13:00:00Z,0,0,0,0,0,10,0,15019,0,1,2,0,0,2861,3921,1060,43,FALSE,0,Crystal Palace
Pierre-Emerick Aubameyang,FWD,Chelsea,5,0,0,0,0,0,617,0,0,0,0,94,0,0,0,0,2022-10-08T14:00:00Z,0,0,0,0,0,10,0,301589,0,0,3,0,0,223011,236946,13935,91,TRUE,0,Wolves
Manuel Lanzini,MID,West Ham,0,0,0,0,0,0,460,0,0,0,0,100,0,0,0,0,2022-10-09T13:00:00Z,0,0,0,0,0,10,0,16330,0,1,3,0,0,-749,584,1333,52,TRUE,0,Fulham
Ayoze Pérez,MID,Leicester,0.8,0,0,5,0,0,260,0,0,0,0,92,0,0,0.2,2,2022-10-08T14:00:00Z,4,0,0,0,0,10,0,10743,0,1,2,0,1,-365,443,808,48,FALSE,0,Bournemouth
Sam Johnstone,GK,Crystal Palace,0,0,0,0,0,0,175,0,0,0,0,95,0,0,0,0,2022-10-09T13:00:00Z,0,0,0,0,0,10,0,14019,0,1,2,0,0,-171,333,504,44,TRUE,0,Leeds
Kasper Schmeichel,GK,Leicester,0,0,0,0,0,0,248,0,0,0,0,92,0,0,0,0,2022-10-08T14:00:00Z,0,0,0,0,0,10,0,14666,0,1,2,0,0,-429,0,429,50,FALSE,0,Bournemouth
Marcus Forss,FWD,Brentford,0,0,0,0,0,0,97,0,0,0,0,98,0,0,0,0,2022-10-08T14:00:00Z,0,0,0,0,0,10,0,6767,0,1,5,0,0,-376,0,376,45,FALSE,0,Newcastle
Adam Webster,DEF,Brighton,0,0,0,21,0,14.4,108,0,0,0,0,93,1,0,4.1,16.2,2022-10-08T16:30:00Z,90,0,0,0,0,10,0,65895,0,1,0,10,2,-2270,3459,5729,45,TRUE,0,Spurs
James Tarkowski,DEF,Everton,3.7,0,0,13,0,0.7,199,0,0,0,0,96,2,0,4.1,20,2022-10-09T18:00:00Z,90,0,0,0,0,10,0,140314,0,2,1,20,1,21535,32349,10814,44,TRUE,0,Man Utd
Stefan Bajcetic,MID,Liverpool,0.5,0,0,0,0,0,564,0,0,0,0,91,0,0,0,0,2022-10-09T15:30:00Z,0,0,0,0,0,10,0,1170,0,2,3,0,0,-16,53,69,45,FALSE,0,Arsenal
Dominic Calvert-Lewin,FWD,Everton,0.2,0,0,3,0,0.5,191,0,0,0,0,96,0,0,3.7,0,2022-10-09T18:00:00Z,14,0,0,0,0,10,0,20933,0,2,1,36,1,-381,195,576,79,TRUE,0,Man Utd
Toti,DEF,Wolves,-0.2,0,0,14,0,0.7,489,0,0,0,0,94,3,0,2.2,21.6,2022-10-08T14:00:00Z,90,0,0,0,0,10,0,128854,0,0,3,0,1,18187,24505,6318,39,FALSE,0,Chelsea
Marc Albrighton,MID,Leicester,0.8,0,0,0,0,0,251,0,0,0,0,92,0,0,0,0,2022-10-08T14:00:00Z,0,0,0,0,0,10,0,7533,0,1,2,0,0,-93,399,492,48,FALSE,0,Bournemouth
Adama Traoré,MID,Wolves,0.8,0,0,9,0,19.5,491,0,0,0,0,94,2,0,3,8.8,2022-10-08T14:00:00Z,71,0,0,0,0,10,0,21148,0,0,3,2,2,413,1840,1427,55,FALSE,0,Chelsea
Joe Bryan,DEF,Fulham,0,0,0,0,0,0,206,0,0,0,0,100,0,0,0,0,2022-10-09T13:00:00Z,0,0,0,0,0,10,0,1619,0,1,3,0,0,-98,0,98,44,FALSE,0,West Ham
Matt Doherty,DEF,Spurs,2.8,0,0,20,1,1.2,429,0,0,0,0,93,0,0,2.1,13.8,2022-10-08T16:30:00Z,90,0,0,0,0,10,0,29939,0,1,0,6,6,1154,3084,1930,46,FALSE,0,Brighton
Adam Lallana,MID,Brighton,0.5,0,0,8,0,1.6,101,0,0,0,0,93,0,0,1.4,6,2022-10-08T16:30:00Z,8,0,0,0,0,10,0,9899,0,1,0,6,1,316,715,399,49,TRUE,0,Spurs
Eric Dier,DEF,Spurs,4.8,0,0,26,1,0.3,430,0,0,0,0,93,0,0,1.3,12.6,2022-10-08T16:30:00Z,90,0,0,0,0,10,0,754438,0,1,0,0,6,25811,77150,51339,51,FALSE,0,Brighton
Ruben Loftus-Cheek,MID,Chelsea,2.5,0,0,13,1,28.9,136,0,0,0,0,94,0,0,4.3,3.6,2022-10-08T14:00:00Z,65,0,0,0,0,10,0,16963,0,0,3,10,3,215,1726,1511,50,TRUE,0,Wolves
Neal Maupay,FWD,Everton,4.3,0,0,6,0,1.6,110,0,0,0,0,96,2,0,0.8,2.6,2022-10-09T18:00:00Z,83,0,0,0,0,10,0,78807,0,2,1,4,2,10975,21481,10506,61,TRUE,0,Man Utd
Lewis O'Brien,MID,Nott'm Forest,2.2,0,0,3,0,0,524,0,0,0,0,99,0,0,0,0,2022-10-10T19:00:00Z,1,0,0,0,0,10,0,6234,0,1,1,0,1,-446,282,728,49,TRUE,0,Aston Villa
Gabriel Martinelli,MID,Arsenal,5.8,1,2,36,0,25.2,19,0,0,0,0,91,2,1,11.9,51.2,2022-10-09T15:30:00Z,90,0,0,0,0,10,0,4811880,0,2,3,43,12,-153378,114388,267766,66,TRUE,0,Liverpool
Japhet Tanganga,DEF,Spurs,0.5,0,0,0,0,0,439,0,0,0,0,93,0,0,0,0,2022-10-08T16:30:00Z,0,0,0,0,0,10,0,351075,0,1,0,0,0,4617,18999,14382,39,FALSE,0,Brighton
Charlie Goode,DEF,Brentford,0,0,0,0,0,0,96,0,0,0,0,98,0,0,0,0,2022-10-08T14:00:00Z,0,0,0,0,0,10,0,72260,0,1,5,0,0,3068,6423,3355,39,FALSE,0,Newcastle
Evan Ferguson,FWD,Brighton,-0.5,0,0,0,0,0,596,0,0,0,0,93,0,0,0,0,2022-10-08T16:30:00Z,0,0,0,0,0,10,0,20242,0,1,0,0,0,1868,3995,2127,45,TRUE,0,Spurs
Neco Williams,DEF,Nott'm Forest,-0.2,0,0,7,0,0.7,295,0,0,0,0,99,0,0,0.6,5.2,2022-10-10T19:00:00Z,32,0,0,0,0,10,0,2810760,0,1,1,0,1,-55586,54386,109972,41,TRUE,0,Aston Villa
John McGinn,MID,Aston Villa,2.8,0,0,5,0,4.8,37,0,0,0,0,99,1,0,6,3.6,2022-10-10T19:00:00Z,76,0,0,0,0,10,0,79790,0,1,1,52,1,-2347,2380,4727,52,FALSE,1,Nott'm Forest
Conor Coventry,MID,West Ham,0,0,0,0,0,0,556,0,0,0,0,100,0,0,0,0,2022-10-09T13:00:00Z,0,0,0,0,0,10,0,14067,0,1,3,0,0,-562,227,789,44,TRUE,0,Fulham
Josh Wilson-Esbrand,DEF,Man City,1,0,0,0,0,0,322,0,0,0,0,97,0,0,0,0,2022-10-08T14:00:00Z,0,0,0,0,0,10,0,64476,0,0,4,0,0,-5129,3736,8865,39,TRUE,0,Southampton
Alphonse Areola,GK,West Ham,0,0,0,0,0,0,473,0,0,0,0,100,0,0,0,0,2022-10-09T13:00:00Z,0,0,0,0,0,10,0,117386,0,1,3,0,0,-2141,2330,4471,44,TRUE,0,Fulham
Patson Daka,FWD,Leicester,4.5,0,0,25,1,3.2,271,0,0,0,0,92,0,1,9.1,34.2,2022-10-08T14:00:00Z,66,0,0,0,0,10,0,103616,0,1,2,54,6,25066,33243,8177,57,FALSE,0,Bournemouth
Thiago Silva,DEF,Chelsea,3.5,0,0,0,0,0,128,0,0,0,0,94,0,0,0,0,2022-10-08T14:00:00Z,0,0,0,0,0,10,0,743190,0,0,3,0,0,127461,147461,20000,54,TRUE,0,Wolves
Terence Kongolo,DEF,Fulham,0,0,0,0,0,0,208,0,0,0,0,100,0,0,0,0,2022-10-09T13:00:00Z,0,0,0,0,0,10,0,34828,0,1,3,0,0,-2208,0,2208,39,FALSE,0,West Ham
Abdoulaye Doucouré,MID,Everton,0.7,0,0,0,0,0,185,0,0,0,0,96,0,0,0,0,2022-10-09T18:00:00Z,0,0,0,0,0,10,0,6981,0,2,1,0,0,-7,330,337,53,TRUE,0,Man Utd
Jamal Lewis,DEF,Newcastle,0.3,0,0,0,0,0,372,0,0,0,0,98,0,0,0,0,2022-10-08T14:00:00Z,0,0,0,0,0,10,0,3405,0,1,5,0,0,70,233,163,44,TRUE,0,Brentford
Tyrese Francois,MID,Fulham,0,0,0,0,0,0,521,0,0,0,0,100,0,0,0,0,2022-10-09T13:00:00Z,0,0,0,0,0,10,0,2323,0,1,3,0,0,-194,0,194,44,FALSE,0,West Ham
Illan Meslier,GK,Leeds,6.5,0,0,15,0,0,238,0,0,0,0,95,2,0,2.1,21.4,2022-10-09T13:00:00Z,90,0,0,0,0,10,3,273485,0,1,2,0,2,25368,35303,9935,45,FALSE,0,Crystal Palace
Sergio Reguilón,DEF,Spurs,0,0,0,0,0,0,438,0,0,0,0,93,0,0,0,0,2022-10-08T16:30:00Z,0,0,0,0,0,10,0,46145,0,1,0,0,0,-3441,0,3441,42,FALSE,0,Brighton
Moisés Caicedo,MID,Brighton,1.1,0,0,16,0,51.1,120,0,0,0,0,93,1,0,8.7,26.6,2022-10-08T16:30:00Z,88,0,0,0,0,10,0,40134,0,1,0,9,2,-3570,3263,6833,50,TRUE,0,Spurs
Omar Richards,DEF,Nott'm Forest,0,0,0,0,0,0,511,0,0,0,0,99,0,0,0,0,2022-10-10T19:00:00Z,0,0,0,0,0,10,0,635,0,1,1,0,0,-11,13,24,44,TRUE,0,Aston Villa
David de Gea,GK,Man Utd,1,0,0,14,0,0,327,0,0,0,0,96,1,0,1,10.4,2022-10-09T18:00:00Z,90,0,0,0,0,10,1,665621,0,2,1,0,2,-12775,23372,36147,49,FALSE,0,Everton
Lukasz Fabianski,GK,West Ham,3.7,0,0,10,0,0,455,0,0,0,0,100,1,0,0.7,6.8,2022-10-09T13:00:00Z,90,0,0,0,0,10,1,158218,0,1,3,0,2,15458,22006,6548,50,TRUE,0,Fulham
Curtis Jones,MID,Liverpool,0.2,0,0,0,0,0,291,0,0,0,0,91,0,0,0,0,2022-10-09T15:30:00Z,0,0,0,0,0,10,0,1076,0,2,3,0,0,-58,20,78,49,FALSE,0,Arsenal
Reece James,DEF,Chelsea,2,0,0,2,0,0.5,146,0,0,0,0,94,0,0,0.5,2.2,2022-10-08T14:00:00Z,18,0,0,0,0,10,0,4241792,0,0,3,2,1,305283,397337,92054,61,TRUE,0,Wolves
Duje Caleta-Car,DEF,Southampton,-0.7,0,0,0,0,0,623,0,0,0,0,97,0,0,0,0,2022-10-08T14:00:00Z,0,0,0,0,0,10,0,1685,0,0,4,0,0,15,171,156,45,FALSE,0,Man City
Josh Onomah,MID,Fulham,0.3,0,0,1,0,0.6,216,0,0,0,0,100,1,0,0.3,2,2022-10-09T13:00:00Z,13,0,0,0,0,10,0,7810,0,1,3,0,1,-561,121,682,44,FALSE,0,West Ham
Luke Shaw,DEF,Man Utd,1,0,0,13,0,3.2,332,0,0,0,0,96,1,0,2.3,19.4,2022-10-09T18:00:00Z,90,0,0,0,0,10,0,46438,0,2,1,0,2,2474,4418,1944,47,FALSE,0,Everton
Terry Ablade,FWD,Fulham,0,0,0,0,0,0,591,0,0,0,0,100,0,0,0,0,2022-10-09T13:00:00Z,0,0,0,0,0,10,0,15193,0,1,3,0,0,335,1994,1659,45,FALSE,0,West Ham
Timothy Castagne,DEF,Leicester,6.2,0,1,26,1,13.9,258,0,0,0,0,92,0,0,3.1,13,2022-10-08T14:00:00Z,66,0,0,0,0,10,0,184572,0,1,2,4,7,52327,60593,8266,44,FALSE,0,Bournemouth
Cédric Soares,DEF,Arsenal,-0.5,0,0,0,0,0,1,0,0,0,0,91,0,0,0,0,2022-10-09T15:30:00Z,0,0,0,0,0,10,0,14630,0,2,3,0,0,-828,148,976,42,TRUE,0,Liverpool
Albert Sambi Lokonga,MID,Arsenal,0.2,0,0,0,0,0,18,0,0,0,0,91,0,0,0,0,2022-10-09T15:30:00Z,0,0,0,0,0,10,0,34789,0,2,3,0,0,-1759,1572,3331,44,TRUE,0,Liverpool
Rico Lewis,DEF,Man City,1.3,0,0,3,0,0.7,573,0,0,0,0,97,0,0,0.5,2.4,2022-10-08T14:00:00Z,12,0,0,0,0,10,0,12163,0,0,4,2,1,1343,2509,1166,39,TRUE,0,Southampton
Brice Samba,GK,Nott'm Forest,0,0,0,0,0,0,382,0,0,0,0,99,0,0,0,0,2022-10-10T19:00:00Z,0,0,0,0,0,10,0,185,0,1,1,0,0,-3,0,3,45,TRUE,0,Aston Villa
Richarlison,FWD,Spurs,2.8,0,0,4,0,0.6,454,0,0,0,0,93,0,0,0.2,1.4,2022-10-08T16:30:00Z,20,0,0,0,0,10,0,107553,0,1,0,0,1,6622,18477,11855,85,FALSE,0,Brighton
Asmir Begović,GK,Everton,3,0,0,0,0,0,176,0,0,0,0,96,0,0,0,0,2022-10-09T18:00:00Z,0,0,0,0,0,10,0,112807,0,2,1,0,0,9629,17009,7380,40,TRUE,0,Man Utd
Ludwig Augustinsson,DEF,Aston Villa,0,0,0,0,0,0,525,0,0,0,0,99,0,0,0,0,2022-10-10T19:00:00Z,0,0,0,0,0,10,0,5380,0,1,1,0,0,-438,71,509,43,FALSE,0,Nott'm Forest
Kenny Tete,DEF,Fulham,0.8,0,0,0,0,0,215,0,0,0,0,100,0,0,0,0,2022-10-09T13:00:00Z,0,0,0,0,0,10,0,42832,0,1,3,0,0,-11749,622,12371,45,FALSE,0,West Ham
Callum Wilson,FWD,Newcastle,3.7,1,0,14,0,31.8,356,0,0,0,0,98,1,0,7.8,14.6,2022-10-08T14:00:00Z,83,0,0,0,0,10,0,246912,0,1,5,32,5,156525,167695,11170,72,TRUE,0,Brentford
Diego Costa,FWD,Wolves,0.2,0,0,1,0,2.2,625,0,0,0,0,94,2,0,0.9,1.2,2022-10-08T14:00:00Z,56,0,0,0,0,10,0,56336,0,0,3,6,1,22990,30517,7527,55,FALSE,0,Chelsea
Kieran Tierney,DEF,Arsenal,2.2,0,0,3,0,0.6,8,0,0,0,0,91,0,0,0.1,0,2022-10-09T15:30:00Z,8,0,0,0,0,10,0,91159,0,2,3,0,1,-1607,3571,5178,48,TRUE,0,Liverpool
Ilkay Gündogan,MID,Man City,2,0,0,0,0,0,300,0,0,0,0,97,0,0,0,0,2022-10-08T14:00:00Z,0,0,0,0,0,10,0,350931,0,0,4,0,0,-78304,8516,86820,75,TRUE,0,Southampton
Patrick Bamford,FWD,Leeds,1.5,0,0,0,0,3.1,227,0,0,0,0,95,1,0,3.9,8.6,2022-10-09T13:00:00Z,61,0,0,0,0,10,0,44936,0,1,2,27,2,-613,3387,4000,73,FALSE,0,Crystal Palace
Ben Davies,DEF,Spurs,2.5,0,0,26,1,2.1,432,0,0,0,0,93,0,0,1.4,11.4,2022-10-08T16:30:00Z,90,0,0,0,0,10,0,77154,0,1,0,0,6,-6028,1677,7705,49,FALSE,0,Brighton
Conor Coady,DEF,Everton,5,0,0,14,0,10.7,475,0,0,0,0,96,2,0,2.6,10.8,2022-10-09T18:00:00Z,90,0,0,0,0,10,0,546997,0,2,1,4,1,166908,187853,20945,49,TRUE,0,Man Utd
Nicolas Pépé,MID,Arsenal,0,0,0,0,0,0,9,0,0,0,0,91,0,0,0,0,2022-10-09T15:30:00Z,0,0,0,0,0,10,0,12755,0,2,3,0,0,-375,0,375,53,TRUE,0,Liverpool
Tyrone Mings,DEF,Aston Villa,6.2,0,0,13,0,3.1,39,0,0,0,0,99,1,0,1.8,15.2,2022-10-10T19:00:00Z,90,0,0,0,0,10,0,520345,0,1,1,0,2,140468,156687,16219,43,FALSE,0,Nott'm Forest
Kevin Mbabu,DEF,Fulham,0,0,0,0,0,0,532,0,0,0,0,100,0,0,0,0,2022-10-09T13:00:00Z,0,0,0,0,0,10,0,18579,0,1,3,0,0,-343,598,941,44,FALSE,0,West Ham
Harvey White,MID,Spurs,0.5,0,0,0,0,0,449,0,0,0,0,93,0,0,0,0,2022-10-08T16:30:00Z,0,0,0,0,0,10,0,57218,0,1,0,0,0,-2840,1000,3840,44,FALSE,0,Brighton
José Sá,GK,Wolves,1.5,0,0,20,0,0,478,0,0,0,0,94,3,0,3,30,2022-10-08T14:00:00Z,90,0,0,0,0,10,4,619353,0,0,3,0,2,-6562,31433,37995,50,FALSE,0,Chelsea
Demarai Gray,MID,Everton,2.3,0,0,10,0,33.8,189,0,0,0,0,96,2,0,6.8,12.6,2022-10-09T18:00:00Z,90,0,0,0,0,10,0,91907,0,2,1,22,2,-9733,5347,15080,55,TRUE,0,Man Utd
Neeskens Kebano,MID,Fulham,3.3,1,0,16,0,27.5,204,0,0,0,0,100,2,0,5.6,26.2,2022-10-09T13:00:00Z,88,0,0,0,0,10,0,7450,0,1,3,2,5,-444,230,674,54,FALSE,0,West Ham
Antonee Robinson,DEF,Fulham,0.2,0,0,15,0,2.8,217,0,0,0,0,100,3,0,2.2,17.6,2022-10-09T13:00:00Z,90,0,0,0,0,10,0,11627,0,1,3,2,1,-845,48,893,44,FALSE,0,West Ham
Aaron Wan-Bissaka,DEF,Man Utd,0,0,0,0,0,0,341,0,0,0,0,96,0,0,0,0,2022-10-09T18:00:00Z,0,0,0,0,0,10,0,20114,0,2,1,0,0,-1050,317,1367,43,FALSE,0,Everton
Boubacar Traoré,MID,Wolves,0.2,0,0,0,0,0,629,0,0,0,0,94,0,0,0,0,2022-10-08T14:00:00Z,0,0,0,0,0,10,0,4862,0,0,3,0,0,2292,3015,723,45,FALSE,0,Chelsea
Dominic Thompson,DEF,Brentford,0,0,0,0,0,0,98,0,0,0,0,98,0,0,0,0,2022-10-08T14:00:00Z,0,0,0,0,0,10,0,2362,0,1,5,0,0,-74,0,74,40,FALSE,0,Newcastle
James Garner,MID,Everton,0.3,0,0,1,0,0.8,570,0,0,0,0,96,0,0,2.8,1.8,2022-10-09T18:00:00Z,15,0,0,0,0,10,0,6978,0,2,1,25,1,-333,503,836,45,TRUE,0,Man Utd
Matheus Nunes,MID,Wolves,1.2,0,0,12,0,13.5,589,0,0,0,0,94,3,0,3.6,10,2022-10-08T14:00:00Z,90,0,0,0,0,10,0,26588,0,0,3,12,2,-3106,1724,4830,50,FALSE,0,Chelsea
Jordan Pickford,GK,Everton,1,0,0,12,0,0,182,0,0,0,0,96,2,0,1.3,12.8,2022-10-09T18:00:00Z,90,0,0,0,0,10,2,541030,0,2,1,0,1,16785,33941,17156,45,TRUE,0,Man Utd
Pascal Groß,MID,Brighton,1.5,0,0,15,0,45.7,104,0,0,0,0,93,1,0,7,12.4,2022-10-08T16:30:00Z,81,0,0,0,0,10,0,2217438,0,1,0,12,2,-223260,90865,314125,59,TRUE,0,Spurs
Taylor Richards,MID,Brighton,0,0,0,0,0,0,121,0,0,0,0,93,0,0,0,0,2022-10-08T16:30:00Z,0,0,0,0,0,10,0,403,0,1,0,0,0,-6,0,6,45,TRUE,0,Spurs
Serge Aurier,DEF,Nott'm Forest,-0.2,0,0,2,0,15.3,628,0,0,0,0,99,1,0,3.1,16,2022-10-10T19:00:00Z,57,0,0,0,0,10,0,1733,0,1,1,0,0,509,753,244,45,TRUE,1,Aston Villa
Paul Dummett,DEF,Newcastle,0,0,0,0,0,0,362,0,0,0,0,98,0,0,0,0,2022-10-08T14:00:00Z,0,0,0,0,0,10,0,58044,0,1,5,0,0,2765,6010,3245,39,TRUE,0,Brentford
Manuel Akanji,DEF,Man City,5.7,0,1,31,1,1.6,610,0,0,0,0,97,0,0,4.4,16.8,2022-10-08T14:00:00Z,90,0,0,0,0,10,0,46754,0,0,4,26,7,25732,30571,4839,50,TRUE,0,Southampton
Joel Robles,GK,Leeds,0,0,0,0,0,0,578,0,0,0,0,95,0,0,0,0,2022-10-09T13:00:00Z,0,0,0,0,0,10,0,5140,0,1,2,0,0,-32,130,162,40,FALSE,0,Crystal Palace
Lucas Torreira di Pascua,MID,Arsenal,0,0,0,0,0,0,22,0,0,0,0,91,0,0,0,0,2022-10-09T15:30:00Z,0,0,0,0,0,10,0,11429,0,2,3,0,0,-554,0,554,45,TRUE,0,Liverpool
Rúben Neves,MID,Wolves,0,0,0,0,0,0,480,0,0,0,0,94,0,0,0,0,2022-10-08T14:00:00Z,0,0,0,0,0,10,0,162005,0,0,3,0,0,-62384,734,63118,55,FALSE,0,Chelsea
Stefan Ortega Moreno,GK,Man City,1,0,0,0,0,0,324,0,0,0,0,97,0,0,0,0,2022-10-08T14:00:00Z,0,0,0,0,0,10,0,54765,0,0,4,0,0,-4807,1771,6578,39,TRUE,0,Southampton
Emiliano Martínez,GK,Aston Villa,5.2,0,0,12,0,0,31,0,0,0,0,99,1,0,1.5,14.6,2022-10-10T19:00:00Z,90,0,0,0,0,10,2,607833,0,1,1,0,2,77661,93533,15872,49,FALSE,0,Nott'm Forest
Siriki Dembélé,MID,Bournemouth,-0.5,0,0,0,0,0,74,0,0,0,0,92,0,0,0,0,2022-10-08T14:00:00Z,0,0,0,0,0,10,0,8299,0,1,2,0,0,-164,298,462,48,TRUE,0,Leicester
Christian Nørgaard,MID,Brentford,0,0,0,0,0,0,79,0,0,0,0,98,0,0,0,0,2022-10-08T14:00:00Z,0,0,0,0,0,10,0,15476,0,1,5,0,0,-1728,40,1768,53,FALSE,0,Newcastle
Arthur Masuaku,DEF,West Ham,0,0,0,0,0,0,462,0,0,0,0,100,0,0,0,0,2022-10-09T13:00:00Z,0,0,0,0,0,10,0,891,0,1,3,0,0,-32,0,32,45,TRUE,0,Fulham
Matej Kovár,GK,Man Utd,0,0,0,0,0,0,615,0,0,0,0,96,0,0,0,0,2022-10-09T18:00:00Z,0,0,0,0,0,10,0,574,0,2,1,0,0,-34,0,34,40,FALSE,0,Everton
Tariq Lamptey,DEF,Brighton,0.5,0,0,3,0,0.3,114,0,0,0,0,93,0,0,0.1,0.2,2022-10-08T16:30:00Z,2,0,0,0,0,10,0,143283,0,1,0,0,1,-3729,3690,7419,43,TRUE,0,Spurs
Pablo Marí Villar,DEF,Arsenal,0,0,0,0,0,0,20,0,0,0,0,91,0,0,0,0,2022-10-09T15:30:00Z,0,0,0,0,0,10,0,1965,0,2,3,0,0,-59,0,59,45,TRUE,0,Liverpool
Scott McKenna,DEF,Nott'm Forest,0.5,0,0,17,0,0.3,385,0,0,0,0,99,1,0,2.2,17.6,2022-10-10T19:00:00Z,90,0,0,0,0,10,0,10650,0,1,1,4,2,-626,137,763,44,TRUE,0,Aston Villa
Sasa Kalajdzic,FWD,Wolves,0,0,0,0,0,0,608,0,0,0,0,94,0,0,0,0,2022-10-08T14:00:00Z,0,0,0,0,0,10,0,2304,0,0,3,0,0,482,956,474,54,FALSE,0,Chelsea
Jeffrey Schlupp,MID,Crystal Palace,1.5,0,0,10,0,1,161,0,0,0,0,95,1,0,2.7,24.4,2022-10-09T13:00:00Z,90,0,0,0,0,10,0,14438,0,1,2,2,2,-750,572,1322,49,TRUE,0,Leeds
Tom Heaton,GK,Man Utd,0,0,0,0,0,0,348,0,0,0,0,96,0,0,0,0,2022-10-09T18:00:00Z,0,0,0,0,0,10,0,41099,0,2,1,0,0,-884,288,1172,40,FALSE,0,Everton
Luke Harris,MID,Fulham,0,0,0,0,0,0,546,0,0,0,0,100,0,0,0,0,2022-10-09T13:00:00Z,0,0,0,0,0,10,0,5102,0,1,3,0,0,-94,346,440,44,FALSE,0,West Ham
Douglas Luiz,MID,Aston Villa,2.8,0,0,14,0,34.5,46,0,0,0,0,99,1,0,7.6,13,2022-10-10T19:00:00Z,90,0,0,0,0,10,0,55632,0,1,1,28,2,1826,6724,4898,48,FALSE,0,Nott'm Forest
Rhys Williams,DEF,Liverpool,0,0,0,0,0,0,498,0,0,0,0,91,0,0,0,0,2022-10-09T15:30:00Z,0,0,0,0,0,10,0,660,0,2,3,0,0,-11,0,11,40,FALSE,0,Arsenal
Jordan Ayew,MID,Crystal Palace,3.5,0,0,3,0,24.1,159,0,0,0,0,95,1,0,4.6,4,2022-10-09T13:00:00Z,64,0,0,0,0,10,0,32377,0,1,2,18,2,4870,6729,1859,54,TRUE,0,Leeds
Federico Fernández,DEF,Newcastle,0,0,0,0,0,0,351,0,0,0,0,98,0,0,0,0,2022-10-08T14:00:00Z,0,0,0,0,0,10,0,2776,0,1,5,0,0,-159,0,159,44,TRUE,0,Brentford
Aaron Cresswell,DEF,West Ham,3,0,0,20,0,42.8,457,0,0,0,0,100,1,0,6.9,24.2,2022-10-09T13:00:00Z,90,0,0,0,0,10,0,250600,0,1,3,2,2,39911,49989,10078,48,TRUE,0,Fulham
Andrew Robertson,DEF,Liverpool,0.1,0,0,0,0,0,284,0,0,0,0,91,0,0,0,0,2022-10-09T15:30:00Z,0,0,0,0,0,10,0,281307,0,2,3,0,0,-55951,439,56390,67,FALSE,0,Arsenal
Pablo Fornals,MID,West Ham,1.7,0,0,12,0,18.8,469,0,0,0,0,100,1,0,2.4,3.6,2022-10-09T13:00:00Z,90,0,0,0,0,10,0,83036,0,1,3,2,2,-10509,2525,13034,53,TRUE,0,Fulham
Marcos Alonso,DEF,Chelsea,0,0,0,0,0,0,129,0,0,0,0,94,0,0,0,0,2022-10-08T14:00:00Z,0,0,0,0,0,10,0,84569,0,0,3,0,0,-3110,0,3110,53,TRUE,0,Wolves
Nélson Semedo,DEF,Wolves,0.5,0,0,13,0,3.2,482,0,0,0,0,94,3,0,1.3,10,2022-10-08T14:00:00Z,90,0,0,0,0,10,0,25663,0,0,3,0,1,155,2815,2660,50,FALSE,0,Chelsea
Harry Kane,FWD,Spurs,8.2,0,2,28,1,14.3,427,0,0,0,0,93,0,1,8.1,32,2022-10-08T16:30:00Z,89,0,0,0,0,10,0,2133858,0,1,0,35,7,102894,217273,114379,114,FALSE,1,Brighton
Will Dennis,GK,Bournemouth,-0.5,0,0,0,0,0,77,0,0,0,0,92,0,0,0,0,2022-10-08T14:00:00Z,0,0,0,0,0,10,0,57414,0,1,2,0,0,165,2298,2133,40,TRUE,0,Leicester
Julio Enciso,FWD,Brighton,-0.5,0,0,0,0,0,125,0,0,0,0,93,0,0,0,0,2022-10-08T16:30:00Z,0,0,0,0,0,10,0,29579,0,1,0,0,0,-427,1469,1896,48,TRUE,0,Spurs
Gabriel Jesus,FWD,Arsenal,5.8,1,0,12,0,2.6,28,0,0,0,0,91,2,0,6.2,7.4,2022-10-09T15:30:00Z,90,0,0,0,0,10,0,7286361,0,2,3,52,5,-21252,169445,190697,80,TRUE,0,Liverpool
Kortney Hause,DEF,Aston Villa,0,0,0,0,0,0,38,0,0,0,0,99,0,0,0,0,2022-10-10T19:00:00Z,0,0,0,0,0,10,0,1278,0,1,1,0,0,-55,0,55,44,FALSE,0,Nott'm Forest
Ben Godfrey,DEF,Everton,0,0,0,0,0,0,193,0,0,0,0,96,0,0,0,0,2022-10-09T18:00:00Z,0,0,0,0,0,10,0,4298,0,2,1,0,0,-151,26,177,43,TRUE,0,Man Utd
Jay Stansfield,FWD,Fulham,0,0,0,0,0,0,219,0,0,0,0,100,0,0,0,0,2022-10-09T13:00:00Z,0,0,0,0,0,10,0,150091,0,1,3,0,0,-22428,0,22428,45,FALSE,0,West Ham
Diogo Dalot,DEF,Man Utd,0,0,0,13,0,3.2,342,0,0,0,0,96,1,0,4.3,21.8,2022-10-09T18:00:00Z,90,0,0,0,0,10,0,852123,0,2,1,18,2,42697,95197,52500,45,FALSE,0,Everton
Brandon Williams,DEF,Man Utd,0,0,0,0,0,0,343,0,0,0,0,96,0,0,0,0,2022-10-09T18:00:00Z,0,0,0,0,0,10,0,192884,0,2,1,0,0,-17791,627,18418,39,FALSE,0,Everton
Tino Livramento,DEF,Southampton,0,0,0,0,0,0,419,0,0,0,0,97,0,0,0,0,2022-10-08T14:00:00Z,0,0,0,0,0,10,0,1245,0,0,4,0,0,7,60,53,44,FALSE,0,Man City
Alejandro Garnacho,MID,Man Utd,0,0,0,0,0,0,569,0,0,0,0,96,0,0,0,0,2022-10-09T18:00:00Z,0,0,0,0,0,10,0,11974,0,2,1,0,0,-493,401,894,44,FALSE,0,Everton
John-Kymani Gordon,FWD,Crystal Palace,0,0,0,0,0,0,634,0,0,0,0,95,0,0,0,0,2022-10-09T13:00:00Z,0,0,0,0,0,10,0,5656,0,1,2,0,0,4196,4837,641,45,TRUE,0,Leeds
Mohamed Dräger,DEF,Nott'm Forest,0,0,0,0,0,0,386,0,0,0,0,99,0,0,0,0,2022-10-10T19:00:00Z,0,0,0,0,0,10,0,9320,0,1,1,0,0,-441,0,441,40,TRUE,0,Aston Villa
Anwar El Ghazi,MID,Aston Villa,0,0,0,0,0,0,51,0,0,0,0,99,0,0,0,0,2022-10-10T19:00:00Z,0,0,0,0,0,10,0,4272,0,1,1,0,0,-319,0,319,48,FALSE,0,Nott'm Forest
Stuart Dallas,DEF,Leeds,0,0,0,0,0,0,226,0,0,0,0,95,0,0,0,0,2022-10-09T13:00:00Z,0,0,0,0,0,10,0,1155,0,1,2,0,0,-25,78,103,49,FALSE,0,Crystal Palace
Marc Guéhi,DEF,Crystal Palace,1,0,0,10,0,0.1,167,0,0,0,0,95,1,0,1.9,19,2022-10-09T13:00:00Z,90,0,0,0,0,10,0,230022,0,1,2,0,1,54631,62767,8136,43,TRUE,1,Leeds
Raphinha,MID,Leeds,0,0,0,0,0,0,232,0,0,0,0,95,0,0,0,0,2022-10-09T13:00:00Z,0,0,0,0,0,10,0,10435,0,1,2,0,0,-165,0,165,70,FALSE,0,Crystal Palace
Kyle John,DEF,Everton,0,0,0,0,0,0,637,0,0,0,0,96,0,0,0,0,2022-10-09T18:00:00Z,0,0,0,0,0,10,0,911,0,2,1,0,0,421,483,62,40,TRUE,0,Man Utd
Mikkel Damsgaard,MID,Brentford,1.7,0,0,2,0,0.8,580,0,0,0,0,98,2,0,0.3,0.2,2022-10-08T14:00:00Z,19,0,0,0,0,10,0,9780,0,1,5,2,1,-95,937,1032,53,FALSE,0,Newcastle
Philippe Coutinho,MID,Aston Villa,2.8,0,0,6,0,14.4,29,0,0,0,0,99,1,0,3.2,3.8,2022-10-10T19:00:00Z,64,0,0,0,0,10,0,446315,0,1,1,14,2,-15223,14702,29925,67,FALSE,0,Nott'm Forest
Djed Spence,DEF,Spurs,0.5,0,0,0,0,0,522,0,0,0,0,93,0,0,0,0,2022-10-08T16:30:00Z,0,0,0,0,0,10,0,28083,0,1,0,0,0,-437,1244,1681,42,FALSE,0,Brighton
Dan Burn,DEF,Newcastle,3,0,0,7,0,4.9,358,0,0,0,0,98,1,0,2.2,17,2022-10-08T14:00:00Z,90,0,0,0,0,10,0,169298,0,1,5,0,2,14703,21742,7039,45,TRUE,0,Brentford
Jack Butland,GK,Crystal Palace,0,0,0,0,0,0,162,0,0,0,0,95,0,0,0,0,2022-10-09T13:00:00Z,0,0,0,0,0,10,0,7168,0,1,2,0,0,-288,54,342,44,TRUE,0,Leeds
Mateo Kovacic,MID,Chelsea,3,1,0,12,0,14.2,132,0,0,0,0,94,0,0,3.4,18,2022-10-08T14:00:00Z,24,0,0,0,0,10,0,37709,0,0,3,2,4,488,3961,3473,49,TRUE,0,Wolves
Dele Alli,MID,Everton,0,0,0,0,0,0,181,0,0,0,0,96,0,0,0,0,2022-10-09T18:00:00Z,0,0,0,0,0,10,0,12910,0,2,1,0,0,-510,0,510,53,TRUE,0,Man Utd
Diego Llorente,DEF,Leeds,0,0,0,0,0,0,228,0,0,0,0,95,0,0,0,0,2022-10-09T13:00:00Z,0,0,0,0,0,10,0,36453,0,1,2,0,0,-2231,466,2697,45,FALSE,0,Crystal Palace
Malcolm Ebiowei,MID,Crystal Palace,0,0,0,0,0,0,173,0,0,0,0,95,0,0,0,0,2022-10-09T13:00:00Z,0,0,0,0,0,10,0,18493,0,1,2,0,0,2634,4093,1459,43,TRUE,0,Leeds
Kacper Kozłowski,MID,Brighton,0,0,0,0,0,0,126,0,0,0,0,93,0,0,0,0,2022-10-08T16:30:00Z,0,0,0,0,0,10,0,3261,0,1,0,0,0,-187,0,187,45,TRUE,0,Spurs
Nikola Vlasic,MID,West Ham,0,0,0,0,0,0,466,0,0,0,0,100,0,0,0,0,2022-10-09T13:00:00Z,0,0,0,0,0,10,0,1190,0,1,3,0,0,-44,0,44,50,TRUE,0,Fulham
Eldin Jakupovic,GK,Everton,0,0,0,0,0,0,627,0,0,0,0,96,0,0,0,0,2022-10-09T18:00:00Z,0,0,0,0,0,10,0,956,0,2,1,0,0,36,143,107,40,TRUE,0,Man Utd
Troy Parrott,FWD,Spurs,0,0,0,0,0,0,453,0,0,0,0,93,0,0,0,0,2022-10-08T16:30:00Z,0,0,0,0,0,10,0,7537,0,1,0,0,0,-285,0,285,45,FALSE,0,Brighton
David Brooks,MID,Bournemouth,0,0,0,0,0,0,60,0,0,0,0,92,0,0,0,0,2022-10-08T14:00:00Z,0,0,0,0,0,10,0,1323,0,1,2,0,0,-68,20,88,53,TRUE,0,Leicester
Yves Bissouma,MID,Spurs,1.8,0,0,11,1,2,444,0,0,0,0,93,0,0,1.3,11.2,2022-10-08T16:30:00Z,69,0,0,0,0,10,0,36388,0,1,0,0,2,-801,1646,2447,47,FALSE,1,Brighton
Caoimhin Kelleher,GK,Liverpool,0.5,0,0,0,0,0,289,0,0,0,0,91,0,0,0,0,2022-10-09T15:30:00Z,0,0,0,0,0,10,0,16078,0,2,3,0,0,-67,365,432,40,FALSE,0,Arsenal
Stefan Parkes,DEF,Fulham,0,0,0,0,0,0,636,0,0,0,0,100,0,0,0,0,2022-10-09T13:00:00Z,0,0,0,0,0,10,0,854,0,1,3,0,0,378,427,49,40,FALSE,0,West Ham
Adrián,GK,Liverpool,0.5,0,0,0,0,0,497,0,0,0,0,91,0,0,0,0,2022-10-09T15:30:00Z,0,0,0,0,0,10,0,77938,0,2,3,0,0,4893,6987,2094,39,FALSE,0,Arsenal
Conor Gallagher,MID,Chelsea,6,0,0,22,1,47.7,148,0,0,0,0,94,0,0,8.4,21.6,2022-10-08T14:00:00Z,85,0,0,0,0,10,0,78616,0,0,3,15,3,26105,29920,3815,57,TRUE,0,Wolves
Lino Sousa,DEF,Arsenal,-0.5,0,0,0,0,0,631,0,0,0,0,91,0,0,0,0,2022-10-09T15:30:00Z,0,0,0,0,0,10,0,2744,0,2,3,0,0,684,1084,400,40,TRUE,0,Liverpool
Kalidou Koulibaly,DEF,Chelsea,4.5,0,2,32,1,11.2,520,0,0,0,0,94,0,0,3.9,23.4,2022-10-08T14:00:00Z,90,0,0,0,0,10,0,744851,0,0,3,4,8,-33976,24057,58033,55,TRUE,0,Wolves
Joël Veltman,DEF,Brighton,0.5,0,0,8,0,2.8,109,0,0,0,0,93,1,0,1.4,11.2,2022-10-08T16:30:00Z,87,0,0,0,0,10,0,486090,0,1,0,0,1,-6142,28663,34805,46,TRUE,1,Spurs
Boubacar Kamara,MID,Aston Villa,0,0,0,0,0,0,53,0,0,0,0,99,0,0,0,0,2022-10-10T19:00:00Z,0,0,0,0,0,10,0,11896,0,1,1,0,0,-1851,23,1874,48,FALSE,0,Nott'm Forest
Ethan Ampadu,DEF,Chelsea,0,0,0,0,0,0,151,0,0,0,0,94,0,0,0,0,2022-10-08T14:00:00Z,0,0,0,0,0,10,0,4967,0,0,3,0,0,-259,0,259,44,TRUE,0,Wolves
Kaine Kesler Hayden,DEF,Aston Villa,0,0,0,0,0,0,537,0,0,0,0,99,0,0,0,0,2022-10-10T19:00:00Z,0,0,0,0,0,10,0,6219,0,1,1,0,0,-185,0,185,40,FALSE,0,Nott'm Forest
James Ward-Prowse,MID,Southampton,0.7,0,0,14,0,11.5,407,0,0,0,0,97,4,0,2.5,13.6,2022-10-08T14:00:00Z,90,0,0,0,0,10,0,745279,0,0,4,0,2,-164153,6050,170203,64,FALSE,0,Man City
Morgan Sanson,MID,Aston Villa,0.5,0,0,0,0,0,36,0,0,0,0,99,0,0,0,0,2022-10-10T19:00:00Z,0,0,0,0,0,10,0,28020,0,1,1,0,0,-1035,517,1552,44,FALSE,0,Nott'm Forest
Crysencio Summerville,MID,Leeds,1,0,0,3,0,4.3,240,0,0,0,0,95,1,0,2.8,2,2022-10-09T13:00:00Z,28,0,0,0,0,10,0,23781,0,1,2,22,1,-636,777,1413,44,FALSE,0,Crystal Palace
Harry Maguire,DEF,Man Utd,0,0,0,0,0,0,330,0,0,0,0,96,0,0,0,0,2022-10-09T18:00:00Z,0,0,0,0,0,10,0,37843,0,2,1,0,0,-3008,140,3148,47,FALSE,0,Everton
Donny van de Beek,MID,Man Utd,0,0,0,0,0,0,336,0,0,0,0,96,0,0,0,0,2022-10-09T18:00:00Z,0,0,0,0,0,10,0,19848,0,2,1,0,0,-845,225,1070,51,FALSE,0,Everton
César Azpilicueta,DEF,Chelsea,3,0,0,27,1,45.5,127,0,0,0,0,94,0,0,9.5,19.8,2022-10-08T14:00:00Z,90,0,0,0,0,10,0,140417,0,0,3,30,5,-5002,4506,9508,48,TRUE,1,Wolves
Jadon Sancho,MID,Man Utd,1,0,0,0,0,0,340,0,0,0,0,96,0,0,0,0,2022-10-09T18:00:00Z,0,0,0,0,0,10,0,636452,0,2,1,0,0,-91087,18335,109422,73,FALSE,0,Everton
Tyrell Malacia,DEF,Man Utd,-1,0,0,0,0,0,504,0,0,0,0,96,0,0,0,0,2022-10-09T18:00:00Z,0,0,0,0,0,10,0,401726,0,2,1,0,0,-18094,15061,33155,45,FALSE,0,Everton
Lewis Bate,MID,Leeds,0,0,0,0,0,0,241,0,0,0,0,95,0,0,0,0,2022-10-09T13:00:00Z,0,0,0,0,0,10,0,694,0,1,2,0,0,-31,0,31,45,FALSE,0,Crystal Palace
Joseph Gomez,DEF,Liverpool,0.5,0,0,5,0,1.1,286,0,0,0,0,91,1,0,1.4,12.6,2022-10-09T15:30:00Z,45,0,0,0,0,10,0,83744,0,2,3,0,0,-10035,3517,13552,45,FALSE,1,Arsenal
Mathias Jensen,MID,Brentford,2.3,0,0,12,0,27.1,88,0,0,0,0,98,5,0,4.5,17.8,2022-10-08T14:00:00Z,90,0,0,0,0,10,0,267225,0,1,5,0,2,-38188,8675,46863,51,FALSE,0,Newcastle
Nathan Tella,MID,Southampton,0,0,0,0,0,0,412,0,0,0,0,97,0,0,0,0,2022-10-08T14:00:00Z,0,0,0,0,0,10,0,228,0,0,4,0,0,-9,0,9,50,FALSE,0,Man City
Jan Paul van Hecke,DEF,Brighton,-0.5,0,0,0,0,0,544,0,0,0,0,93,0,0,0,0,2022-10-08T16:30:00Z,0,0,0,0,0,10,0,36302,0,1,0,0,0,-33,1420,1453,40,TRUE,0,Spurs
Ivan Perišić,DEF,Spurs,1.8,0,0,0,0,0.5,448,0,0,0,0,93,0,0,0.3,0,2022-10-08T16:30:00Z,10,0,0,0,0,10,0,2639641,0,1,0,4,1,-118397,91505,209902,56,FALSE,0,Brighton
Eddie Nketiah,FWD,Arsenal,0.5,0,0,2,0,0.3,11,0,0,0,0,91,0,0,0,0,2022-10-09T15:30:00Z,1,0,0,0,0,10,0,36582,0,2,3,0,1,-824,1364,2188,66,TRUE,0,Liverpool
Callum Hudson-Odoi,MID,Chelsea,0,0,0,0,0,0,144,0,0,0,0,94,0,0,0,0,2022-10-08T14:00:00Z,0,0,0,0,0,10,0,4129,0,0,3,0,0,-183,0,183,53,TRUE,0,Wolves
Fabio Silva,FWD,Wolves,0,0,0,0,0,0,488,0,0,0,0,94,0,0,0,0,2022-10-08T14:00:00Z,0,0,0,0,0,10,0,1993,0,0,3,0,0,-58,0,58,55,FALSE,0,Chelsea
Virgil van Dijk,DEF,Liverpool,1.5,0,0,13,0,1.8,280,0,0,0,0,91,3,0,2.8,22,2022-10-09T15:30:00Z,90,0,0,0,0,10,0,1331966,0,2,3,4,1,-102496,18362,120858,64,FALSE,0,Arsenal
Yerry Mina,DEF,Everton,0,0,0,0,0,0,188,0,0,0,0,96,0,0,0,0,2022-10-09T18:00:00Z,0,0,0,0,0,10,0,6155,0,2,1,0,0,-240,26,266,43,TRUE,0,Man Utd
Jaden Philogene-Bidace,MID,Aston Villa,0,0,0,0,0,0,55,0,0,0,0,99,0,0,0,0,2022-10-10T19:00:00Z,0,0,0,0,0,10,0,269,0,1,1,0,0,-13,0,13,45,FALSE,0,Nott'm Forest
Remo Freuler,MID,Nott'm Forest,1.2,0,0,10,0,2.6,582,0,0,0,0,99,1,0,2.1,18.2,2022-10-10T19:00:00Z,90,0,0,0,0,10,0,1982,0,1,1,0,2,-105,86,191,50,TRUE,0,Aston Villa
Jeff Hendrick,MID,Newcastle,0,0,0,0,0,0,375,0,0,0,0,98,0,0,0,0,2022-10-08T14:00:00Z,0,0,0,0,0,10,0,269,0,1,5,0,0,-8,0,8,45,TRUE,0,Brentford
Dejan Kulusevski,MID,Spurs,1.1,0,0,0,0,0,446,0,0,0,0,93,0,0,0,0,2022-10-08T16:30:00Z,0,0,0,0,0,10,0,625227,0,1,0,0,0,-343812,1493,345305,80,FALSE,0,Brighton
Leon Bailey,MID,Aston Villa,1.1,0,0,0,0,0,45,0,0,0,0,99,0,0,0,0,2022-10-10T19:00:00Z,0,0,0,0,0,10,0,626404,0,1,1,0,0,-141837,23711,165548,47,FALSE,0,Nott'm Forest
James Maddison,MID,Leicester,9.2,0,0,6,0,29.4,261,0,0,0,0,92,2,0,7.1,12.2,2022-10-08T14:00:00Z,90,0,0,0,0,10,0,1886627,0,1,2,29,1,758848,784186,25338,82,FALSE,1,Bournemouth
Joseph Whitworth,GK,Crystal Palace,0,0,0,0,0,0,590,0,0,0,0,95,0,0,0,0,2022-10-09T13:00:00Z,0,0,0,0,0,10,0,14958,0,1,2,0,0,-385,437,822,40,TRUE,0,Leeds
Cole Palmer,MID,Man City,2,0,0,3,0,1.6,316,0,0,0,0,97,0,0,2.6,2.2,2022-10-08T14:00:00Z,20,0,0,0,0,10,0,10278,0,0,4,22,1,-568,694,1262,44,TRUE,0,Southampton
Davinson Sánchez,DEF,Spurs,0.8,0,0,0,0,0,435,0,0,0,0,93,0,0,0,0,2022-10-08T16:30:00Z,0,0,0,0,0,10,0,83556,0,1,0,0,0,-3971,1732,5703,44,FALSE,0,Brighton
Raheem Sterling,MID,Chelsea,1.5,0,0,0,0,0,304,0,0,0,0,94,0,0,0,0,2022-10-08T14:00:00Z,0,0,0,0,0,10,0,961391,0,0,3,0,0,-78916,78730,157646,100,TRUE,0,Wolves
Jordan Henderson,MID,Liverpool,2,0,0,11,0,14.3,275,0,0,0,0,91,3,0,4,15.2,2022-10-09T15:30:00Z,90,0,0,0,0,10,0,56416,0,2,3,10,2,-482,1693,2175,53,FALSE,0,Arsenal
Nathan Collins,DEF,Wolves,0,0,0,0,0,0,516,0,0,0,0,94,0,0,0,0,2022-10-08T14:00:00Z,0,0,0,0,0,10,0,98191,0,0,3,0,0,-22469,262,22731,45,FALSE,0,Chelsea
Christian Pulisic,MID,Chelsea,6.5,0,0,25,1,14.8,140,0,0,0,0,94,0,1,8.9,36.4,2022-10-08T14:00:00Z,71,0,0,0,0,10,0,49971,0,0,3,38,8,1482,4321,2839,57,TRUE,0,Wolves
Jaidon Anthony,MID,Bournemouth,0.2,0,0,1,0,0.5,75,0,0,0,0,92,0,0,0.4,1.2,2022-10-08T14:00:00Z,13,0,0,0,0,10,0,7391,0,1,2,2,1,-418,376,794,53,TRUE,0,Leicester
Pascal Struijk,DEF,Leeds,6,0,0,18,0,26.1,235,0,0,0,0,95,2,1,9.6,48.6,2022-10-09T13:00:00Z,90,0,0,0,0,10,0,60847,0,1,2,21,6,4984,8787,3803,45,FALSE,1,Crystal Palace
Matt Targett,DEF,Newcastle,1.3,0,0,2,0,0,367,0,0,0,0,98,0,0,0.1,1.2,2022-10-08T14:00:00Z,6,0,0,0,0,10,0,106246,0,1,5,0,1,-4073,9578,13651,49,TRUE,0,Brentford
Alex McCarthy,GK,Southampton,-1,0,0,0,0,0,401,0,0,0,0,97,0,0,0,0,2022-10-08T14:00:00Z,0,0,0,0,0,10,0,21039,0,0,4,0,0,-157,729,886,43,FALSE,0,Man City
Ben Knight,MID,Man City,1,0,0,0,0,0,600,0,0,0,0,97,0,0,0,0,2022-10-08T14:00:00Z,0,0,0,0,0,10,0,594,0,0,4,0,0,15,77,62,45,TRUE,0,Southampton
Jamal Lowe,MID,Bournemouth,-0.5,0,0,0,0,0,61,0,0,0,0,92,0,0,0,0,2022-10-08T14:00:00Z,0,0,0,0,0,10,0,3006,0,1,2,0,0,-102,84,186,52,TRUE,0,Leicester
Ryan Yates,MID,Nott'm Forest,1.8,0,0,7,0,1.7,387,0,0,0,0,99,1,0,1.8,14.4,2022-10-10T19:00:00Z,90,0,0,0,0,10,0,4329,0,1,1,2,1,-453,202,655,50,TRUE,1,Aston Villa
Darwin Núñez,FWD,Liverpool,4,0,0,21,0,0.9,297,0,0,0,0,91,3,1,8.6,36.6,2022-10-09T15:30:00Z,90,0,0,0,0,10,0,574922,0,2,3,48,6,-91848,9164,101012,88,FALSE,0,Arsenal
Calum Chambers,DEF,Aston Villa,0.4,0,0,0,0,0,32,0,0,0,0,99,0,0,0,0,2022-10-10T19:00:00Z,0,0,0,0,0,10,0,19386,0,1,1,0,0,-1768,139,1907,43,FALSE,0,Nott'm Forest
Seamus Coleman,DEF,Everton,1,0,0,13,0,1.4,178,0,0,0,0,96,2,0,1.3,7.6,2022-10-09T18:00:00Z,74,0,0,0,0,10,0,10628,0,2,1,4,1,559,1269,710,45,TRUE,0,Man Utd
Samuel Edozie,MID,Southampton,-0.3,0,0,0,0,0,624,0,0,0,0,97,0,0,0,0,2022-10-08T14:00:00Z,0,0,0,0,0,10,0,1061,0,0,4,0,0,-116,85,201,49,FALSE,0,Man City
Rodrigo Muniz Carvalho,FWD,Fulham,0,0,0,0,0,0,218,0,0,0,0,100,0,0,0,0,2022-10-09T13:00:00Z,0,0,0,0,0,10,0,4401,0,1,3,0,0,-228,0,228,54,FALSE,0,West Ham
Theo Walcott,MID,Southampton,-1,0,0,0,0,0,400,0,0,0,0,97,0,0,0,0,2022-10-08T14:00:00Z,0,0,0,0,0,10,0,3110,0,0,4,0,0,14,225,211,49,FALSE,0,Man City
Marc Roca,MID,Leeds,1,0,0,8,0,1.8,245,0,0,0,0,95,2,0,2.6,2,2022-10-09T13:00:00Z,83,0,0,0,0,10,0,15471,0,1,2,22,2,-2241,676,2917,49,FALSE,0,Crystal Palace
Vladimir Coufal,DEF,West Ham,0.7,0,0,0,0,0,463,0,0,0,0,100,0,0,0,0,2022-10-09T13:00:00Z,0,0,0,0,0,10,0,126943,0,1,3,0,0,-16443,3305,19748,44,TRUE,0,Fulham
Shane Duffy,DEF,Fulham,0.3,0,0,3,0,0,105,0,0,0,0,100,1,0,0,0,2022-10-09T13:00:00Z,1,0,0,0,0,10,0,16531,0,1,3,0,1,-642,166,808,44,FALSE,0,West Ham
Frédéric Guilbert,DEF,Aston Villa,0.5,0,0,0,0,0,56,0,0,0,0,99,0,0,0,0,2022-10-10T19:00:00Z,0,0,0,0,0,10,0,87087,0,1,1,0,0,2920,5934,3014,39,FALSE,0,Nott'm Forest
Rasmus Kristensen,DEF,Leeds,3,0,0,6,0,0.7,244,0,0,0,0,95,2,0,2.4,23,2022-10-09T13:00:00Z,83,0,0,0,0,10,0,44939,0,1,2,0,0,5187,7119,1932,48,FALSE,1,Crystal Palace
Riyad Mahrez,MID,Man City,4.3,0,0,28,1,9.1,303,0,0,0,0,97,0,1,9.2,39.6,2022-10-08T14:00:00Z,70,0,0,0,0,10,0,156636,0,0,4,43,8,-11593,2388,13981,75,TRUE,0,Southampton
Casemiro,MID,Man Utd,3,1,0,21,0,27.7,593,0,0,0,0,96,1,0,6.6,33.4,2022-10-09T18:00:00Z,90,0,0,0,0,10,0,147277,0,2,1,5,5,-13285,6955,20240,49,FALSE,0,Everton
Carlos Vinícius,FWD,Fulham,1,0,0,-2,0,11.8,618,0,0,0,0,100,3,0,3.9,0,2022-10-09T13:00:00Z,90,0,0,0,0,10,0,4951,0,1,3,30,1,401,1188,787,55,FALSE,1,West Ham
Danny Ings,FWD,Aston Villa,1.5,0,0,2,0,0.5,30,0,0,0,0,99,0,0,0.3,2,2022-10-10T19:00:00Z,25,0,0,0,0,10,0,105740,0,1,1,0,1,-218,9321,9539,67,FALSE,0,Nott'm Forest
Andros Townsend,MID,Everton,0,0,0,0,0,0,179,0,0,0,0,96,0,0,0,0,2022-10-09T18:00:00Z,0,0,0,0,0,10,0,596,0,2,1,0,0,2,35,33,55,TRUE,0,Man Utd
Renan Lodi,DEF,Nott'm Forest,-0.2,0,0,0,0,0,602,0,0,0,0,99,0,0,0,0,2022-10-10T19:00:00Z,0,0,0,0,0,10,0,18550,0,1,1,0,0,-1247,1501,2748,45,TRUE,0,Aston Villa
Marcus Tavernier,MID,Bournemouth,1.5,0,0,8,0,12,535,0,0,0,0,92,1,0,2,5,2022-10-08T14:00:00Z,90,0,0,0,0,10,0,13632,0,1,2,3,2,-253,1301,1554,49,TRUE,0,Leicester
Ivan Neves Abreu Cavaleiro,MID,Fulham,0,0,0,0,0,0,214,0,0,0,0,100,0,0,0,0,2022-10-09T13:00:00Z,0,0,0,0,0,10,0,3673,0,1,3,0,0,-368,0,368,48,FALSE,0,West Ham
Jonjo Shelvey,MID,Newcastle,0,0,0,0,0,0,349,0,0,0,0,98,0,0,0,0,2022-10-08T14:00:00Z,0,0,0,0,0,10,0,1985,0,1,5,0,0,-71,42,113,48,TRUE,0,Brentford
Victor Lindelöf,DEF,Man Utd,1,0,0,17,0,1.3,337,0,0,0,0,96,1,0,1.9,17.8,2022-10-09T18:00:00Z,90,0,0,0,0,10,0,9836,0,2,1,0,2,557,990,433,43,FALSE,0,Everton
Miguel Almirón,MID,Newcastle,8,0,0,25,0,14.1,369,0,0,0,0,98,1,1,9.3,39.4,2022-10-08T14:00:00Z,83,0,0,0,0,10,0,546872,0,1,5,39,7,269760,293699,23939,51,TRUE,0,Brentford
Odsonne Edouard,FWD,Crystal Palace,6.5,0,2,27,0,13.5,166,0,0,0,0,95,1,1,7.7,40,2022-10-09T13:00:00Z,85,0,0,0,0,10,0,244335,0,1,2,23,8,71469,88944,17475,53,TRUE,0,Leeds
Christian Benteke,FWD,Crystal Palace,0,0,0,0,0,0,155,0,0,0,0,95,0,0,0,0,2022-10-09T13:00:00Z,0,0,0,0,0,10,0,17734,0,1,2,0,0,-762,0,762,55,TRUE,0,Leeds
Tim Iroegbunam,MID,Aston Villa,0,0,0,0,0,0,49,0,0,0,0,99,0,0,0,0,2022-10-10T19:00:00Z,0,0,0,0,0,10,0,2432,0,1,1,0,0,-137,0,137,45,FALSE,0,Nott'm Forest
Lyle Taylor,FWD,Nott'm Forest,-0.5,0,0,0,0,0,380,0,0,0,0,99,0,0,0,0,2022-10-10T19:00:00Z,0,0,0,0,0,10,0,595012,0,1,1,0,0,-2172,41714,43886,43,TRUE,0,Aston Villa
Jack Colback,MID,Nott'm Forest,-0.1,0,0,0,0,0,381,0,0,0,0,99,0,0,0,0,2022-10-10T19:00:00Z,0,0,0,0,0,10,0,114253,0,1,1,0,0,-5858,9927,15785,43,TRUE,0,Aston Villa
Elliot Anderson,MID,Newcastle,0.7,0,0,3,0,0,552,0,0,0,0,98,0,0,0.5,5,2022-10-08T14:00:00Z,6,0,0,0,0,10,0,19740,0,1,5,0,1,-269,1401,1670,45,TRUE,0,Brentford
Deniz Undav,FWD,Brighton,-0.5,0,0,0,0,0,123,0,0,0,0,93,0,0,0,0,2022-10-08T16:30:00Z,0,0,0,0,0,10,0,30654,0,1,0,0,0,-746,1722,2468,51,TRUE,0,Spurs
Matthew Smith,MID,Arsenal,-0.5,0,0,0,0,0,607,0,0,0,0,91,0,0,0,0,2022-10-09T15:30:00Z,0,0,0,0,0,10,0,8164,0,2,3,0,0,3,1227,1224,45,TRUE,0,Liverpool
Tom Cairney,MID,Fulham,1,0,0,3,0,1.6,200,0,0,0,0,100,1,0,2.5,1,2022-10-09T13:00:00Z,19,0,0,0,0,10,0,5216,0,1,3,22,1,-233,159,392,48,FALSE,0,West Ham
Wilfried Gnonto,FWD,Leeds,0,0,0,0,0,0,619,0,0,0,0,95,0,0,0,0,2022-10-09T13:00:00Z,0,0,0,0,0,10,0,6660,0,1,2,0,0,516,1387,871,50,FALSE,0,Crystal Palace
Jonny,DEF,Wolves,0.5,0,0,7,0,2.3,477,0,0,0,0,94,2,0,1.9,13.2,2022-10-08T14:00:00Z,71,0,0,0,0,10,0,81483,0,0,3,3,1,-1697,6402,8099,44,FALSE,0,Chelsea
Marcos Senesi,DEF,Bournemouth,3.8,0,0,17,0,0.4,576,0,0,0,0,92,1,0,2.7,26.8,2022-10-08T14:00:00Z,90,0,0,0,0,10,0,9671,0,1,2,0,2,4559,5260,701,45,TRUE,0,Leicester
Youri Tielemans,MID,Leicester,4.5,0,0,13,0,7.7,259,0,0,0,0,92,2,0,2.7,19.6,2022-10-08T14:00:00Z,90,0,0,0,0,10,0,184242,0,1,2,0,2,-2950,17803,20753,63,FALSE,0,Bournemouth
Jonathan Panzo,DEF,Nott'm Forest,0,0,0,0,0,0,389,0,0,0,0,99,0,0,0,0,2022-10-10T19:00:00Z,0,0,0,0,0,10,0,1130,0,1,1,0,0,-40,0,40,40,TRUE,0,Aston Villa
Romain Perraud,DEF,Southampton,-0.3,0,0,9,0,1.4,417,0,0,0,0,97,4,0,2.6,7.8,2022-10-08T14:00:00Z,90,0,0,0,0,10,0,7837,0,0,4,17,0,-662,173,835,45,FALSE,0,Man City
Kristoffer Klaesson,GK,Leeds,0,0,0,0,0,0,236,0,0,0,0,95,0,0,0,0,2022-10-09T13:00:00Z,0,0,0,0,0,10,0,38229,0,1,2,0,0,-783,336,1119,40,FALSE,0,Crystal Palace
Harrison Reed,MID,Fulham,4,0,0,11,0,4.1,211,0,0,0,0,100,2,0,1.4,6,2022-10-09T13:00:00Z,70,0,0,0,0,10,0,139758,0,1,3,4,1,5756,23379,17623,45,FALSE,1,West Ham
Fábio Carvalho,MID,Liverpool,1,0,0,0,0,0,296,0,0,0,0,91,0,0,0,0,2022-10-09T15:30:00Z,0,0,0,0,0,10,0,50757,0,2,3,0,0,-5874,2579,8453,54,FALSE,0,Arsenal
Clément Lenglet,DEF,Spurs,1.2,0,0,0,0,0,513,0,0,0,0,93,0,0,0,0,2022-10-08T16:30:00Z,0,0,0,0,0,10,0,31921,0,1,0,0,0,1154,2812,1658,48,FALSE,0,Brighton
Alexis Mac Allister,MID,Brighton,1.5,0,0,17,0,35.1,116,0,0,0,0,93,1,0,6.4,20.8,2022-10-08T16:30:00Z,90,0,0,0,0,10,0,754612,0,1,0,8,2,-17457,94202,111659,57,TRUE,0,Spurs
Eberechi Eze,MID,Crystal Palace,6,0,3,39,0,28,169,0,0,0,0,95,1,1,9.9,42,2022-10-09T13:00:00Z,90,0,0,0,0,10,0,224922,0,1,2,29,10,-138,24527,24665,55,TRUE,0,Leeds
Anthony Elanga,MID,Man Utd,0,0,0,0,0,0,344,0,0,0,0,96,0,0,0,0,2022-10-09T18:00:00Z,0,0,0,0,0,10,0,62677,0,2,1,0,0,-7179,896,8075,49,FALSE,0,Everton
Luis Díaz,MID,Liverpool,4,1,0,7,0,11.2,293,0,0,0,0,91,1,0,2.8,12.4,2022-10-09T15:30:00Z,41,0,0,0,0,10,0,2460893,0,2,3,4,3,-363961,71616,435577,81,FALSE,1,Arsenal
Bobby Reid,MID,Fulham,4.7,0,0,14,0,2.8,205,0,0,0,0,100,3,0,1.3,10.2,2022-10-09T13:00:00Z,90,0,0,0,0,10,0,22364,0,1,3,0,2,6131,9445,3314,55,FALSE,0,West Ham
Alex Telles,DEF,Man Utd,0,0,0,0,0,0,334,0,0,0,0,96,0,0,0,0,2022-10-09T18:00:00Z,0,0,0,0,0,10,0,2347,0,2,1,0,0,-50,0,50,50,FALSE,0,Everton
Sergio Gómez,DEF,Man City,2.7,0,0,2,0,0.5,587,0,0,0,0,97,0,0,0.7,0.6,2022-10-08T14:00:00Z,20,0,0,0,0,10,0,31607,0,0,4,6,1,24467,26373,1906,45,TRUE,0,Southampton
Bruno Guimarães,MID,Newcastle,7,0,3,49,0,27.2,374,0,0,0,0,98,1,2,13.6,83,2022-10-08T14:00:00Z,77,0,0,0,0,10,0,263597,0,1,5,26,15,12984,23852,10868,56,TRUE,0,Brentford
Gabriel,DEF,Arsenal,2.5,0,0,16,0,0.8,16,0,0,0,0,91,2,0,2.3,22.6,2022-10-09T15:30:00Z,90,0,0,0,0,10,0,1108166,0,2,3,0,1,-40708,39234,79942,51,TRUE,0,Liverpool
Emerson,DEF,West Ham,1,0,0,1,0,0.5,545,0,0,0,0,100,0,0,0.3,0.2,2022-10-09T13:00:00Z,6,0,0,0,0,10,0,271213,0,1,3,2,1,17388,36168,18780,40,TRUE,0,Fulham
Martin Ødegaard,MID,Arsenal,1.5,1,0,16,0,19.2,7,0,0,0,0,91,2,0,8.2,21.6,2022-10-09T15:30:00Z,81,0,0,0,0,10,0,1488945,0,2,3,41,4,-138956,34105,173061,64,TRUE,1,Liverpool
João Moutinho,MID,Wolves,1.2,0,0,23,0,31.7,503,0,0,0,0,94,3,0,6.7,27.8,2022-10-08T14:00:00Z,90,0,0,0,0,10,0,50707,0,0,3,7,2,-2146,2198,4344,48,FALSE,0,Chelsea
Ethan Pinnock,DEF,Brentford,-0.7,0,0,3,0,0.2,92,0,0,0,0,98,5,0,0.9,6.8,2022-10-08T14:00:00Z,90,1,0,0,0,10,0,1358,0,1,5,2,-2,61,113,52,44,FALSE,0,Newcastle
Facundo Pellistri,MID,Man Utd,0,0,0,0,0,0,347,0,0,0,0,96,0,0,0,0,2022-10-09T18:00:00Z,0,0,0,0,0,10,0,2807,0,2,1,0,0,-35,99,134,44,FALSE,0,Everton
Reiss Nelson,MID,Arsenal,-0.5,0,0,0,0,0,23,0,0,0,0,91,0,0,0,0,2022-10-09T15:30:00Z,0,0,0,0,0,10,0,1726,0,2,3,0,0,76,113,37,48,TRUE,0,Liverpool
Gonçalo Guedes,MID,Wolves,0.8,0,0,6,0,24.3,579,0,0,0,0,94,1,0,3.1,7,2022-10-08T14:00:00Z,45,0,0,0,0,10,0,34075,0,0,3,0,1,-7855,2153,10008,60,FALSE,0,Chelsea
Vicente Guaita,GK,Crystal Palace,2,0,0,16,0,0,152,0,0,0,0,95,1,0,2.2,22.4,2022-10-09T13:00:00Z,90,0,0,0,0,10,3,262016,0,1,2,0,3,43292,54424,11132,45,TRUE,0,Leeds
James Justin,DEF,Leicester,3.5,0,0,17,0,12.4,268,0,0,0,0,92,2,0,2.8,15.6,2022-10-08T14:00:00Z,85,0,0,0,0,10,0,159096,0,1,2,0,1,37817,45456,7639,43,FALSE,0,Bournemouth
Çaglar Söyüncü,DEF,Leicester,0.5,0,0,0,0,0,267,0,0,0,0,92,0,0,0,0,2022-10-08T14:00:00Z,0,0,0,0,0,10,0,30368,0,1,2,0,0,-84,1536,1620,42,FALSE,0,Bournemouth
Hugo Lloris,GK,Spurs,5.5,0,3,31,1,0,425,0,0,0,0,93,0,0,2.7,27.4,2022-10-08T16:30:00Z,90,0,0,0,0,10,4,494498,0,1,0,0,10,-609,19454,20063,55,FALSE,0,Brighton
Nick Pope,GK,Newcastle,2,0,0,13,0,0,376,0,0,0,0,98,1,0,1.6,16.4,2022-10-08T14:00:00Z,90,0,0,0,0,10,2,2224050,0,1,5,0,2,134913,200447,65534,53,TRUE,0,Brentford
Oliver Skipp,MID,Spurs,1.2,0,0,3,0,0.1,441,0,0,0,0,93,0,0,0,0.2,2022-10-08T16:30:00Z,1,0,0,0,0,10,0,12602,0,1,0,0,1,60,877,817,44,FALSE,0,Brighton
Ryan Sessegnon,DEF,Spurs,3.2,0,0,25,1,15.8,436,0,0,0,0,93,0,0,2.7,8.8,2022-10-08T16:30:00Z,90,0,0,0,0,10,0,114183,0,1,0,2,6,-4604,4853,9457,45,FALSE,0,Brighton
Ashley Young,DEF,Aston Villa,8.5,0,3,25,0,16.9,538,0,0,0,0,99,1,1,8,47.8,2022-10-10T19:00:00Z,90,0,0,0,0,10,0,29927,0,1,1,15,11,11463,13303,1840,44,FALSE,0,Nott'm Forest
Jeremy Sarmiento,MID,Brighton,-0.5,0,0,0,0,0,119,0,0,0,0,93,0,0,0,0,2022-10-08T16:30:00Z,0,0,0,0,0,10,0,5202,0,1,0,0,0,30,343,313,45,TRUE,0,Spurs
Philip Billing,MID,Bournemouth,6.8,0,3,31,0,16,70,0,0,0,0,92,1,1,7.7,39.8,2022-10-08T14:00:00Z,76,0,0,0,0,10,0,57073,0,1,2,21,10,3447,14259,10812,53,TRUE,0,Leicester
